Date,Institution,91D,182D,364D,2Yr,3Yr,5Yr,6Yr,7Yr,10Yr,15Yr,20Yr,7Yr ESLA,10Yr ESLA,12Yr ESLA,Total
01/01/2019,BoG,26308467,12746232,,123053912,129350000,170000000,,178000000,7432837,,,82038843,,,728930291
01/01/2019,Commercial Banks,221895311,922250580,31623374,8299225941,2916717520,1420451263,,220794375,409386770,7067266,,1141378461,1228510394,,16819301255
01/01/2019,Firms/Inst,1318785521,1098039718,3217726,2842412229,2766123317,1721692681,,464169856,1214261379,361402222,,660728692,923012346,,13373845687
01/01/2019,Insurance companies,16378079,87865999,,89965343,92145349,71341745,,53829500,44134532,,,34054100,50382317,,540096964
01/01/2019,Foreign investors,216952,290086,,1028812201,4249039187,8656459958,,1686648000,5508211318,4184920000,,51382242,,,25365979944
01/01/2019,rural banks,258629830,126718272,5691521,19737694,2747052,,,,,,,,5186243,,418710612
01/01/2019,SSNIT,92196,343954,,121230988,31616550,5494000,,5000000,,,,183899285,120060000,,467736973
01/01/2019,Pension,,23373,,400818019,371101473,492686367,,218530579,666614177,238537634,,132656190,302495999,,2823463811
01/01/2019,others,3916155602,777018956,2889959,496312129,385553767,123535112,,30415918,11126622,1853839,,122488187,626447164,,6493797255
01/01/2019,Total,5758461958,3025297170,43422580,13421568456,10944394215,12661661126,0,2857388228,7861167635,4793780961,0,2408626000,3256094463,,67031862792
01/02/2019,BoG,7212012,12247506,,123592912,135220000,170250000,10000,178000000,7432837,,,62028843,,,695994110
01/02/2019,Commercial Banks,595649216,907189469,183495061,8791771632,3000393617,1437577855,149780729,211671814,397882729,6945266,,1234471363,1220778169,,18137606920
01/02/2019,Firms/Inst,1136514452,1116015449,140171510,3036684923,2777494675,1773139762,83390684,475619856,1280725322,363072222,,597178327,948443331,,13728450513
01/02/2019,Insurance companies,11531270,85247184,1000000,87883421,92145349,71341745,3700000,53829500,52236532,,,34054100,50382317,,543351418
01/02/2019,Foreign investors,255367,277450,,978632154,4143119187,8556941958,90462569,1678648000,5436711318,4183250000,,51382242,,,25119680245
01/02/2019,rural banks,271257162,130534845,7085758,34367215,6355160,,,,,,,,4092963,,453693103
01/02/2019,SSNIT,94725,343954,,96120988,9210550,2000000,,8000000,,,,172168285,130097809,,418036311
01/02/2019,Pension,401996,,235294,403454293,370869583,511189647,35823113,218530579,669768355,238537634,,133795801,272879198,,2855485493
01/02/2019,others,4072709426,803567300,18299210,605173771,409586094,139220159,7141335,33088479,16410542,1975839,,123547039,629420676,,6860139870
01/02/2019,Total,6095625626,3055423157,350286833,14157681309,10944394215,12661661126,370308430,2857388228,7861167635,4793780961,0,2408626000,3256094463,,68812437983
01/03/2019,BoG,2583847,11713416,10021200,118610659,138332000,191250000,10000,183000000,7432837,3000000,,177198843,,,843152802
01/03/2019,Commercial Banks,601530684,913120810,1343703574,7768147850,2975052600,1412094687,121988313,349424520,386702855,3945266,,1131494833,1198643532,,18205849524
01/03/2019,Firms/Inst,943613365,1125911109,241580793,3096867583,2777716095,1787547180,137890818,545450014,1350557892,363072222,,650407006,945328250,,13965942327
01/03/2019,Insurance companies,11641063,83837283,1000000,95922508,93586284,71341745,3700000,56379500,52236532,,,34054100,50382317,,554081332
01/03/2019,Foreign investors,445468,341882,117015,1692180995,4719024502,8494532186,46471875,1836206500,5366779711,4183250000,,29382242,,,26368732376
01/03/2019,rural banks,272705609,133413705,8885514,38227570,6355160,562624,,,,,,,4092963,,464243145
01/03/2019,SSNIT,95430,343954,,87823000,24266550,2000000,,8000000,,,,124523285,120048000,,367100219
01/03/2019,Pension,,,1450043,428946481,395363102,530688633,41706943,228996008,673076785,238537634,,132078577,281930631,,2952774837
01/03/2019,others,4177526566,826833909,44257986,669875032,449800922,171644071,18540481,40672302,24381023,1975839,,129487114,655668770,,7210664015
01/03/2019,Total,6010142032,3095516068,1651016125,13996601678,11579497215,12661661126,370308430,3248128844,7861167635,4793780961,0,2408626000,3256094463,,70932540577
01/04/2019,BoG,2685190,1989569,182026270,131403217,161235000,195250000,10000,5000000,7432837,3000000,,144491239,5000000,,839523322
01/04/2019,Commercial Banks,597164838,908332288,1541928586,7270120872,2655095153,1947371922,109913303,433723431,387120951,3945266,,1127782015,1264939869,,18247438494
01/04/2019,Firms/Inst,1737506869,1330812422,642019031,2989160224,2714910753,2121583441,138703318,591051360,1363988370,375678222,,647973169,867627774,,15521014953
01/04/2019,Insurance companies,11333155,86749163,1550000,99045278,81705261,73760145,3700000,55409500,55966532,,,34054100,50382317,,553655451
01/04/2019,Foreign investors,146114,212203,210279,1670132207,4029519816,8576155498,45471875,1864206500,5340819711,4170644000,,29382242,,,25726900445
01/04/2019,rural banks,279303967,128026391,13411687,49883492,4260737,5430255,,,,,,,4092963,,484409492
01/04/2019,SSNIT,95430,343954,,76275000,4210550,2000000,,8000000,,,,159657285,105004000,,355586219
01/04/2019,Pension,,,38115575,419820027,398422426,554766625,42292943,229025585,678053307,238537634,,133072932,305573776,,3037680830
01/04/2019,others,4324439372,871824379,84690598,681849010,406218900,246426940,30216991,71712468,27785927,1975839,,132213018,653473764,,7532827206
01/04/2019,Total,6952674935,3328290369,2503952026,13387689327,10455578596,13722744826,370308430,3258128844,7861167635,4793780961,0,2408626000,3256094463,,72299036412
01/05/2019,BoG,44556815,73083642,20101742,122526090,72519121,170250000,880000,1993300,17489351,,,147357426,,,670757487
01/05/2019,Commercial Banks,334778240,965252799,1911279723,6753042049,2916310640,1959395787,478036016,305738823,368486413,11945266,,1030169527,1206369345,,18240804628
01/05/2019,Firms/Inst,1621358652,1337420877,664924534,2823423822,2768210723,1950312169,273293857,611189743,468826092,55163190,,643975941,886962373,,14105061973
01/05/2019,Insurance companies,9748638,87136345,2294115,90805306,101274150,73760145,22694019,55409500,55966532,,,35404100,50382317,,584875167
01/05/2019,Foreign investors,137687,239021,210279,1542375296,3953862333,8549870293,87661286,1861441817,5274684711,4013251300,,29382242,,,25313116265
01/05/2019,rural banks,260233759,124840432,21910590,53462064,11482969,7333135,,,,,,,3993972,,483256921
01/05/2019,SSNIT,98027,343954,35102000,67314400,24266550,2000000,35080000,8000000,,,,189759285,120112000,,482076216
01/05/2019,Pension,,,57795062,492677257,502634188,733339304,53214511,334789470,1639226883,619224696,,199503702,306601101,,4939006174
01/05/2019,others,4391426650,881189272,123203607,758885003,434999594,276483993,297875127,79566191,36487653,94196509,,133073777,681673355,,8189060731
01/05/2019,Total,6662338468,3469506342,2836821652,12704511287,10785560268,13722744826,1248734816,3258128844,7861167635,4793780961,0,2408626000,3256094463,,73008015562
01/06/2019,BoG,91696705,14577676,60753695,120005990,77926414,190250000,880000,,2432837,,,168663534,,,727186851
01/06/2019,Commercial Banks,519400495,1095474120,2545398818,6705854259,3450312105,2024334322,466365522,338714988,452554144,36945266,,993066820,1285896160,,19914317019
01/06/2019,Firms/Inst,1579135716,1315889262,932424923,2828773346,2783440216,1973290027,285897526,582262120,687988760,65163190,,576787386,1295632209,,14906684681
01/06/2019,Insurance companies,9927650,86920683,3466447,83398778,98664301,73760145,22694019,55409500,68966532,,,35404100,50382317,,588994472
01/06/2019,Foreign investors,93005,165383,210279,1549340829,3985979939,8290899013,104661286,1864970524,5408684711,3978251300,,29382242,,,25212638511
01/06/2019,rural banks,249882960,123407766,25616780,56089999,13939113,9220917,,,,,,,2912538,,481070073
01/06/2019,SSNIT,16216389,3138228,21754295,47153600,24270550,10000000,,9993300,20000000,,,124417041,111033000,,387976403
01/06/2019,Pension,,,60034568,449219815,524815653,738930988,54815734,331151170,1678616883,619224696,,200177817,306119158,,4963106482
01/06/2019,others,4524226738,900682172,144051942,770884171,446211977,312059414,313420729,75627242,45872310,94196509,,131667996,688457682,,8447358882
01/06/2019,Total,6990579658,3540255290,3793711747,12610720787,11405560268,13622744826,1248734816,3258128844,8365116177,4793780961,0,2259566936,3740433064,,75629333374
01/07/2019,BoG,133432061,3730084,21405032,109733490,72591121,180250000,880000,,2432837,,,177245495,5000000,,706700120
01/07/2019,Commercial Banks,458878676,1064021152,2861525198,6480712405,3786960161,2659679186,832447519,501343372,451929806,325755139,,1043174234,1343155546,,21809582394
01/07/2019,Firms/Inst,817239959,1351024763,1247597608,2873043401,2787698852,2111931228,307091731,447741852,692108760,101933317,,563511473,1222930989,,14523853933
01/07/2019,Insurance companies,9551230,83469617,3466447,89638767,100526701,81721745,23694019,55409500,68966532,1085000,,35789032,51932317,,605250907
01/07/2019,Foreign investors,61983,98814,210279,1564023232,4067836116,8663103113,244703286,1856090524,5394824711,4069710300,,29382242,,,25890044600
01/07/2019,rural banks,244098821,113582327,30697554,56024199,13939113,11652500,,,,,,,994917,,470989431
01/07/2019,SSNIT,5543611,2534541,12444295,67506700,49366550,3543619,,9993300,20000000,,,82892681,100000000,,353825297
01/07/2019,Pension,,,61869693,450265815,527499863,753906477,54815734,316482506,1686545819,623544696,,200345625,306538077,,4981814305
01/07/2019,others,4516012640,940995531,174367501,849214078,458964777,383213548,317102527,71067790,48307712,95508009,,127226154,709881218,,8691861485
01/07/2019,Total,6184818981,3559456829,4413583607,12540162087,11865383254,14849001416,1780734816,3258128844,8365116177,5217536461,0,2259566936,3740433064,,78033922472
01/08/2019,BoG,54636469,38723664,21879386,123152351,67559121,185250000,10000,5000000,7432837,1900000,,200787943,5000000,,711331771
01/08/2019,Commercial Banks,451330266,1092391611,3433352610,6499287188,3761033146,2422998787,789867175,1369506243,443675504,323782061,119837000,953537498,1680814146,,23341413235
01/08/2019,Firms/Inst,901207011,1290076606,1308195908,2847874475,2854261606,2381738753,337562718,453351858,703424634,157190244,30927057,603773591,885005967,,14754590428
01/08/2019,Insurance companies,10065244,79457962,7463388,91288452,100526701,82721745,36925019,55409500,68966532,1085000,,35789032,51932317,,621630892
01/08/2019,Foreign investors,72158,464930,210279,1512405599,4033076638,8569074739,229703286,1857156693,5348734197,4076096300,10000000,29382242,,,25666377061
01/08/2019,rural banks,248965640,115985835,38269496,56024199,13939113,12579839,,,,,,,994917,,486759039
01/08/2019,SSNIT,2421229,4094140,65836610,50874156,29417550,10000000,,7262300,20000000,,,92714223,100000000,,382620208
01/08/2019,Pension,369400,,62494670,442936451,528054914,755235044,54815734,312168909,1694438014,641531290,80000,203442367,306546077,,5002112870
01/08/2019,others,4600206690,944009430,250523818,889405591,477514465,429402509,331850884,83578978,78444459,113066666,1287500,140140040,710139640,,9049570670
01/08/2019,Total,6269274107,3565204178,5188226165,12513248462,11865383254,14849001416,1780734816,4143434481,8365116177,5314651561,162131557,2259566936,3740433064,,80016406174
01/09/2019,BoG,3810327,1626386,1780384,110765234,102563121,165250000,10000,,2744962,20009500,,210404567,,,618964481
01/09/2019,Commercial Banks,661573500,1139261813,3569787831,6937557567,3330726239,2414206970,808032710,1385498705,528814870,304505622,76380944,886156014,1656812727,,23699315512
01/09/2019,Firms/Inst,955655409,1107643417,1352925624,2816939743,2878766775,2520156271,336350578,444870537,807526657,157392953,35802510,688899172,848235087,,14951164733
01/09/2019,Insurance companies,8901897,82331939,10407438,80133015,70215809,82721745,36925019,55409500,105293865,1085000,,35789032,51932317,,621146576
01/09/2019,Foreign investors,126570,456296,221976,1492539205,4132395741,8490958544,229703286,1858761413,5370234197,4074604300,10000000,29382242,,,25689383770
01/09/2019,rural banks,234151451,114603906,39920442,58783068,12405178,11079401,,,,489891,1955861,,994917,,474384115
01/09/2019,SSNIT,3694050,4748877,64078627,48808369,29454550,10000000,,7262300,19689837,,,65230063,125740685,,378707358
01/09/2019,Pension,369400,,63025236,440855721,529264578,774027664,54815734,299594086,1730842306,641531290,3897282,203520002,307874032,,5049617331
01/09/2019,others,4648258189,936798234,300755618,952722284,358628170,440900837,314897489,92037940,99969483,115033005,34094960,140185844,748843299,,9183125352
01/09/2019,Total,6516540793,3387470868,5402903176,12939104206,11444420161,14909301432,1780734816,4143434481,8665116177,5314651561,162131557,2259566936,3740433064,,80665809228
01/10/2019,BoG,3673141,35888238,1042977,1533276,102563121,165250000,10000,,2434799,250000000,,57028843,,,619424395
01/10/2019,Commercial Banks,724985367,1135901844,3640578451,5721226745,4019628744,2367162645,808413601,1647293537,531470299,537056388,66093735,1004257635,1596436891,,23800505882
01/10/2019,Firms/Inst,1092046289,970888273,1379558171,2683117093,3070333466,2557516039,337699931,549068778,819682000,162662504,37219801,680359645,884944215,,15225096205
01/10/2019,Insurance companies,9885689,77937134,11382438,81739267,70450779,85297837,36925019,66694131,105293865,1085000,,35789032,51932317,,634412508
01/10/2019,Foreign investors,253050,377928,221976,1495021476,4125038614,8526696544,222203286,1904671413,5339064197,4075604300,10495000,29382242,,,25729030026
01/10/2019,rural banks,248411898,124732979,45074316,37383174,57231797,9111003,,,,489891,4884923,,994917,,528314898
01/10/2019,SSNIT,3687108,5911547,65444395,59046168,32138550,10000000,,7262300,310163,,,105677224,120111500,,409588955
01/10/2019,Pension,369400,,64186689,435657278,546666428,784600933,54899164,315781253,1732538523,660004290,3897282,205268955,332153938,,5136024133
01/10/2019,others,4681704153,946884130,332349121,858068492,400038982,463666431,320583815,90030626,134322331,125749188,39540816,141803360,753859286,,9288600731
01/10/2019,Total,6765016095,3298522073,5539838534,11372792969,12424090481,14969301432,1780734816,4580802038,8665116177,5812651561,162131557,2259566936,3740433064,,81370997733
01/11/2019,BoG,4082855,1110716,1734349,2078276,102643121,165250000,10000,,2434799,265085000,,57028843,,,601457959
01/11/2019,Commercial Banks,766728797,1063316648,3848917429,5436737340,4149219026,2740964338,813605372,1684169587,494596624,459871030,65254527,1119002406,1409194478,,24051577602
01/11/2019,Firms/Inst,1207797754,976997148,1426033138,2950982328,3087665446,2414568395,315505614,544378700,813434607,163131211,38059009,591207963,969803646,,15499564959
01/11/2019,Insurance companies,11199440,77956752,11382438,68480511,71950779,85297837,36925019,66694131,102693865,27001000,,35789032,51932317,,647303121
01/11/2019,Foreign investors,263395,328508,221976,1401491966,3935574056,8508857341,213703286,1844121413,5309549197,4075604300,10495000,29382242,52300,,25329644980
01/11/2019,rural banks,292515979,136462804,72027536,50149459,58656234,9194641,,3262335,,489891,4884923,,,,627643802
01/11/2019,SSNIT,2667795,7281249,48085017,83358369,32110550,6543007,,7262300,19689837,,,64170651,115762685,,386931460
01/11/2019,Pension,,,67792634,448539126,544381681,907714219,81129336,321380914,1810845233,797571960,3897282,228485726,499905650,,5711643761
01/11/2019,others,4786402414,972237011,350591521,920959783,441889588,490911654,319856189,109532658,111872015,23897169,39540816,134500073,693781988,,9395972879
01/11/2019,Total,7071658429,3235690836,5826786038,11362777158,12424090481,15329301432,1780734816,4580802038,8665116177,5812651561,162131557,2259566936,3740433064,,82251740523
01/12/2019,BoG,3544382,1333000,2032925,2130076,102643121,165329167,10000,,2434799,250055000,,57028843,,,586541313
01/12/2019,Commercial Banks,702174616,524971048,4034253534,7583462465,4247507135,2771427938,308969789,1529186164,464134565,446668964,92884673,1110160374,1418283318,,25234084583
01/12/2019,Firms/Inst,1251821436,1113431399,1762533341,3000808736,3093832984,2622719667,356018560,607992349,835071669,163131211,31532389,595681376,935401011,,16369976128
01/12/2019,Insurance companies,12050038,82595298,13463087,50646719,72350779,110647155,36925019,68344290,102693865,27001000,,35789032,51932317,,664438599
01/12/2019,Foreign investors,152347,363802,221976,1367481064,4307085588,8582489596,673088286,1944080413,5330164957,4074439079,10495000,29382242,52300,,26319496650
01/12/2019,rural banks,331121417,137962255,79880550,52628767,69222367,18051490,,3262335,,489891,4884923,,,,697503995
01/12/2019,SSNIT,1016169,1838926,4844895,70404168,35192550,10000000,,17312300,,,,68877285,122270000,,331756293
01/12/2019,Pension,,,69212107,452529402,546624060,985938868,81129336,282459723,1811228961,812326960,3643000,228485726,519763179,,5793341322
01/12/2019,others,4851545831,980160637,378450073,945969171,455131285,541347907,324593826,128164464,119387361,38539456,18691572,134162058,692730939,,9608874580
01/12/2019,Total,7153426236,2842656365,6344892488,13526060568,12929589869,15807951788,1780734816,4580802038,8665116177,5812651561,162131557,2259566936,3740433064,,85606013463
01/01/2020,BoG,18364234,53125565,45279359,2271476,102844121,165329167,10000,21500,2434799,250055000,,57028843,,,696764064
01/01/2020,Commercial Banks,689509577,514335158,4956351630,7425285368,4285625133,2665288548,236782505,1507910722,437620710,4847150018,72274667,1030497639,1464021429,181190395,30132653104
01/01/2020,Firms/Inst,1364452129,1088231767,1435398106,3088825150,3244916600,2480453406,364531699,601381527,838681669,163309415,45372043,600646735,920239353,203638679,16236439599
01/01/2020,Insurance companies,11674778,83357004,13463087,51177516,87503465,106747398,37825599,68344290,102693865,30980000,,35789032,51932317,,681488351
01/01/2020,Foreign investors,36235,171667,221976,1350138023,5347508981,8767014613,715088286,1976497107,5339820693,4068159079,10495000,29382242,52300,,27604586202
01/01/2020,rural banks,360238995,143982162,89628603,53485358,69469703,20364764,898476,3262335,,489891,7319204,,,,749139491
01/01/2020,SSNIT,2945925,111219,21884390,49110369,62250550,6543007,,7262300,,,,141195150,100000000,,391302910
01/01/2020,Pension,,,69212107,455554373,594532627,984402178,85729336,282459723,1811228961,812326960,4186697,229275888,525528546,,5854437396
01/01/2020,others,4981377794,1017564062,383410497,981897462,582332108,611808707,339868915,133662534,132635480,40181198,22483946,135751407,678659119,45640642,10041633229
01/01/2020,Total,7428599667,2900878604,7014849755,13457745095,14376983288,15807951788,1780734816,4580802038,8665116177,10212651561,162131557,2259566936,3740433064,430469716,92388444346
01/02/2020,BoG,6235706,5324114,45643131,2318276,102869121,165341167,45000,21500,2444799,2217324537,47000,57028843,,,2604643194
01/02/2020,Commercial Banks,658783572,504150343,4159491143,6844267645,4382717754,2493561118,233676359,2166721271,561793127,4844312891,72281329,1019263573,1437284215,185855685,29378304340
01/02/2020,Firms/Inst,1514420637,1113858829,1526666852,3069889854,3367549808,2679688462,426554694,606497165,842788481,410637573,45365381,638272307,944181734,194572749,17186371777
01/02/2020,Insurance companies,11366785,87799025,10836146,50439529,92903365,106747398,37825599,68344290,102693865,35784000,,35789032,51932317,,692461351
01/02/2020,Foreign investors,46566,108308,221976,476386218,5567675020,8830173898,721088286,2025260020,5358780693,4065119079,10495000,29382242,52300,,27084789606
01/02/2020,rural banks,375852231,155970368,94596606,59913409,71052418,20241533,898476,4317838,,489891,7319204,,,,790651974
01/02/2020,SSNIT,108580,111219,11866390,49130069,36955550,26783007,,6993300,,,,117475285,100000000,,349423400
01/02/2020,Pension,,,68976813,534819861,625920791,1006111502,85729336,282459723,1811228961,812326960,4186697,229096519,525871605,,5986728768
01/02/2020,others,5088177869,1034709217,383301049,1006947622,629339461,629303703,329667066,159288931,135386251,43926167,22436946,133259135,681110893,50041282,10276854310
01/02/2020,Total,7654991946,2902031423,6301600106,12094112483,14876983288,15957951788,1835484816,5319904038,8815116177,12429921098,162131557,2259566936,3740433064,430469716,94350228720
01/03/2020,BoG,18653570,5333885,3937424,2740276,88957021,165444167,45000,121500,2486799,2443347587,47000,57028843,,,2788143072
01/03/2020,Commercial Banks,690875506,419997360,4024417740,6877152258,5120901614,6728821948,470414434,2200140815,518200649,4844654176,73294264,1021747191,1446758735,1348790788,34437376690
01/03/2020,Firms/Inst,1513586727,1117966953,1527002224,3018142943,3699451104,2955894486,441315204,587953836,924004105,429980610,47477149,624564792,929516478,194556127,17816856611
01/03/2020,Insurance companies,11140928,90403424,12161424,47690034,85195771,127781542,37825599,68344290,102693865,35784000,,35789032,51932317,,706742226
01/03/2020,Foreign investors,36624,94544,11697,306032685,4364602552,8862043631,459162036,1961433757,5267877288,5886353159,10495000,29382242,52300,,27147577515
01/03/2020,rural banks,382354782,168515412,98924074,63580608,69272849,22130278,898476,4317838,,2955036,4386956,,,,817336309
01/03/2020,SSNIT,109384,111219,109066,60162000,6895550,2000000,,5000000,,,,129558285,120250000,,324195504
01/03/2020,Pension,,,50860906,502472618,676288835,1040933543,91289765,282301575,1812723565,812326960,4186697,229096519,527266485,6663803,6029747468
01/03/2020,others,5048605444,1030848527,369223719,1120031823,654792101,604019948,334534302,210290427,187129906,27916700,22244491,132400032,664656749,79511644,10406694169
01/03/2020,Total,7665362965,2833271324,6086648274,11998005245,14766357397,20509069543,1835484816,5319904038,8815116177,14483318228,162131557,2259566936,3740433064,1629522362,1.00E+11
01/04/2020,BoG,17963788,1700038,3636932,2740276,88957021,165444167,55000,121500,2486799,4270721667,77000,57028843,,,4610933031
01/04/2020,Commercial Banks,1109793347,492262979,3956399017,6825882417,6194338538,7629943875,839532966,2276265749,508359196,3002858704,65306904,939389677,382436814,382436814,34222770183
01/04/2020,Firms/Inst,1456700826,1133950131,1537447997,3055096174,4061471989,2887821386,466197757,591483756,956763585,438589943,45716490,674312283,245950888,245950888,17551503205
01/04/2020,Insurance companies,12099309,90937532,11711424,48224078,88362777,127938411,37825599,68344290,105386683,35784000,,35789032,,,662403135
01/04/2020,Foreign investors,15911,94544,11697,206664127,3803106648,8492665899,361403286,1855882257,5202490463,5886353159,9995000,29375060,44148510,44148510,25892206561
01/04/2020,rural banks,386478388,168560819,100521781,75972225,84772849,27630278,898476,11148423,,2955036,4415817,,,,863354092
01/04/2020,SSNIT,109384,111219,109066,55240000,27099550,2000000,,5000000,,,,155305285,,,244974504
01/04/2020,Pension,,,29588015,417448963,678142300,1001191046,92504848,284582118,1813890421,760033581,4186697,186484155,36698926,36698926,5304751070
01/04/2020,others,5096701663,1057549204,370948523,1310736985,858911306,682331853,337496012,227075945,225739030,486022138,32433649,181882601,920287224,920287224,11788116133
01/04/2020,Total,8079862616,2945166466,6010374452,11998005245,15885162978,21016966915,2135913944,5319904038,8815116177,14883318228,162131557,2259566936,1629522362,1629522362,1.01E+11
01/05/2020,BoG,3102250,1506617,3867025,2573072,88957021,165444167,55000,178121500,2486799,4270721667,77000,57028843,,,4773940961
01/05/2020,Commercial Banks,1176095420,508453630,3708628847,6970054635,6398863558,7875588621,1061080736,2231803129,663331852,3011983577,65306904,939648352,1393848649,436161813,36004687910
01/05/2020,Firms/Inst,1480693055,1182925400,1523146480,3060370404,4262563159,2989494874,487722494,628223573,1238429676,829407909,45716490,677434653,966719722,409895277,19372847889
01/05/2020,Insurance companies,12696763,91147987,11417309,55033975,94412777,129305101,49077702,69521909,112271683,35784000,,35789032,51932317,,748390555
01/05/2020,Foreign investors,6234,94544,17252,254264171,3583728248,8183002063,129903286,1685361958,5106625443,5885703159,9995000,29375060,52300,44148510,24868128718
01/05/2020,rural banks,382265652,166824930,98156270,79011280,87702546,31426003,898476,10053592,,2955036,4415817,,,,863709602
01/05/2020,SSNIT,112314,111219,10134066,60200000,7049550,12013000,,5000000,,,,155300285,125270000,,375190434
01/05/2020,Pension,,,10378213,468695951,709763471,1041612304,176051027,285009604,1838534871,812332051,4186697,182997373,390321150,87702806,5919882712
01/05/2020,others,5188492479,1068528465,366245444,1210453864,1064475312,800109302,338142419,226808773,256204263,34430829,32433649,181993338,812288926,651613956,11580607063
01/05/2020,Total,8243464167,3019592792,5731990906,12160657352,16297515642,21227995435,2242931140,5319904038,9217884587,14883318228,162131557,2259566936,3740433064,1629522362,1.05E+11
01/06/2020,BoG,4142172,2157203,3542177,2781072,81904021,165459167,55000,178121500,2486799,4270721667,77000,57028843,,,4768476621
01/06/2020,Commercial Banks,1467996007,510696805,3053744461,6740027157,6547940080,8289024837,1092113540,2368837966,722531605,3322521003,70009864,898076858,1344850811,512267962,36428370994
01/06/2020,Firms/Inst,1531222972,1058057920,1292873908,3085568830,4206900120,3575217705,495723177,606229715,1149394868,564318145,46223647,684809501,946620443,327549527,19243160951
01/06/2020,Insurance companies,11914824,93173867,15013083,46711767,85994961,112379817,49077702,67871750,121251683,69575932,,35789032,51932317,,760686735
01/06/2020,Foreign investors,36106,79519,17252,234457166,2872810750,9097493519,129903286,1596374824,5046090444,5776532159,9995000,6125060,20441,20000000,24769935526
01/06/2020,rural banks,410112544,177311427,102627483,81799623,90973066,43366674,898476,12314776,,985012,4415817,,,,924804898
01/06/2020,SSNIT,113122,118892,114999517,192998700,46679000,160400000,,5000000,42320000,,,209358285,152000000,15011000,923987516
01/06/2020,Pension,,,11903114,480295389,746286649,1111347312,177363500,286777104,1855602369,823831284,4186697,189218150,392819118,101563977,6079630686
01/06/2020,others,5334650745,1093706706,369462472,1296017648,1046418688,923556285,341675796,198376403,278206819,54833026,27223532,179161207,852189934,653129896,11995479261
01/06/2020,Total,8760188492,2935302339,4964183467,12160657352,15725907335,23478245316,2286810477,5319904038,9217884587,14883318228,162131557,2259566936,3740433064,1629522362,1.06E+11
01/07/2020,BoG,137322839,2324173,3357858,2941072,82150021,165462167,55000,178131500,2486799,4155633000,77000,57028843,,,4786970272
01/07/2020,Commercial Banks,1170293803,516632815,3047302028,6495614434,6694124398,8277359287,1195159052,2438194779,1376071963,3309998605,66914344,929414162,1340885599,602873275,36857965269
01/07/2020,Firms/Inst,1419645614,873675792,1336026598,3178454908,4564837147,3735045828,703619095,624614552,1580094038,647019370,53038229,708755324,950336241,230474511,20375162736
01/07/2020,Insurance companies,11480944,93551373,17268083,47702266,90191823,112640130,49497702,67871750,127330853,72505932,,35789032,51932317,,777762205
01/07/2020,Foreign investors,36106,77371,17252,253137461,2944561142,9516667350,129903286,1742499824,5173500444,5743054159,9995000,6125060,20441,15000000,25519594896
01/07/2020,rural banks,432472026,197608679,97955628,83278604,96731811,49261213,1094329,14470339,,1914399,3493041,,,,978280069
01/07/2020,SSNIT,113122,118892,94576517,223062500,35654000,79900000,,5000000,42320000,,,149833285,152000000,,782578316
01/07/2020,Pension,,,18662946,474474453,752109141,1130653145,184502522,285829601,1892878484,854269146,5324761,191225985,393609160,106162193,6183539344
01/07/2020,others,5469046354,1099632257,377507004,1406279762,1100863232,1146573316,381627424,220088617,317513275,49256950,23289182,181395245,851649306,675012383,12624721924
01/07/2020,Total,8640410808,2783621352,4992673914,12164945460,16361222715,24213562436,2645458410,5576700962,10512195856,14833651561,162131557,2259566936,3740433064,1629522362,1.09E+11
01/08/2020,BoG,69734336,1208274,2880012,2936072,547661021,165462167,55000,93131500,2486799,3979046333,107500,,,,4864709014
01/08/2020,Commercial Banks,1366902437,530292108,2442462485,8015651605,6995083722,8480405294,1181519020,1796576223,2899316639,3287571911,67073602,983895012,1355663576,753585987,39402413634
01/08/2020,Firms/Inst,1407436174,890217414,1375125890,3271980554,4852561927,3783846943,710528674,691394858,1753305064,653072698,50726078,709983939,931183634,659098793,21081363847
01/08/2020,Insurance companies,10744674,97309393,19278083,49069491,95831155,114740784,49497702,67109131,132724853,72505932,,35789032,51932317,,796532547
01/08/2020,Foreign investors,5314,77371,17252,289507920,2971752187,9493365592,129903286,1693620166,5147274411,5807974159,9995000,6125060,168248,,25549785966
01/08/2020,rural banks,447844377,216465898,107077874,91815216,96978623,55567315,1094329,12976057,8000000,1914399,3493041,,,,1043227129
01/08/2020,SSNIT,116846,118892,80646517,172836000,45664000,125452000,,,42320000,,,148542000,157000000,,772696255
01/08/2020,Pension,,,24391821,503027915,754265940,1144770349,184502522,302267211,1939358759,854269146,5324761,194993584,392528281,106718946,6299700289
01/08/2020,others,5582556382,1118348926,380669904,1506122554,1107688957,1191400872,388357877,172158074,387409331,70630316,25411575,180238309,851957008,110118636,12962950085
01/08/2020,Total,8885340540,2854038276,4432549838,13902947327,17467487532,24555011316,2645458410,4829233220,12312195856,14726984894,162131557,2259566936,3740433064,1629522362,1.13E+11
01/09/2020,BoG,5421613,23193620,20698132,3084349,4346165021,165482167,100000,93146500,2486799,3979046333,107500,,,,8638932034
01/09/2020,Commercial Banks,1195366464,524402130,2471212031,8430243366,7846088457,4653779211,1333937488,1814914165,2910202014,3300353160,66583031,955640261,1355997183,771325266,36858718961
01/09/2020,Firms/Inst,1411189531,872361637,1435484752,3294062915,4454819416,3839118608,747893818,736068602,1918965665,908035611,41272255,706377838,936069672,606717317,21301720320
01/09/2020,Insurance companies,12374526,99412403,17474033,49353568,76360455,118928526,49497702,77109131,145745353,89140713,,35789032,51932317,,823117759
01/09/2020,Foreign investors,5314,,17252,1716386523,1986299337,9337042987,129903286,1666620166,4961043411,5737003169,6995000,6125060,168248,,25547609753
01/09/2020,rural banks,464874610,225554613,109901023,94266103,101462706,62330810,1094329,10714873,12000000,2428645,3493041,,,,1088120753
01/09/2020,SSNIT,116940,118892,87126517,115755000,42654000,73900000,5000000,,21550000,,4734445,175560000,158905000,,685420794
01/09/2020,Pension,,,20612472,521078466,746621170,1148912415,186502522,301132275,1955926596,853469466,4734445,197530769,386053527,118888302,6322574123
01/09/2020,others,5788172735,1147132467,354721461,1528531937,1125147930,1293403165,399391936,188216974,384276018,73161334,38946285,182543976,851307117,132591477,13354953335
01/09/2020,Total,8877521733,2892175762,4517247673,15752762227,20725618492,20692897889,2853321081,4887922686,12312195856,14942638431,166866002,2259566936,3740433064,1629522362,1.15E+11
01/10/2020,BoG,7773778,1445204,21036572,3231849,4346223021,165640167,100000,93146500,2486799,3979046333,107500,,,,8620237723
01/10/2020,Commercial Banks,1205252390,447577992,2535703073,9825691411,10051442310,5150637497,852814789,1778906618,2888296505,3324557390,65424971,1027910703,1344611744,600987588,40498827393
01/10/2020,Firms/Inst,1465003652,880117587,1521661141,3443351642,4692484159,4635431432,743574098,842569365,1978303685,801737267,44036312,667848920,939595910,650908363,22655715170
01/10/2020,Insurance companies,12083131,100334300,16499033,59004787,93658266,128388213,49497702,77109131,143764853,89790713,,35789032,51932317,,857851478
01/10/2020,Foreign investors,128951,42856,218640,1832390772,2420706074,9363146396,610474756,1661309060,4785649222,5773899129,6995000,6125060,113217,79252994,26461199133
01/10/2020,rural banks,513717504,259935720,135506494,126245179,114057271,64516554,1094329,14214873,17000001,2428645,2011659,,,6294320,1250728229
01/10/2020,SSNIT,116940,118892,97141517,130965000,33000000,89066000,5000000,,21550000,,,145023000,153900000,,675881349
01/10/2020,Pension,,,19929123,517364589,703789196,1173101752,190305234,310681650,2026227305,892647363,6137726,194838449,398250074,132092385,6433272461
01/10/2020,others,5929025102,1182202317,372969377,1529677053,1274813967,1427343571,417761562,221276648,448917486,78531591,37418389,182031772,852029802,159986712,13953998637
01/10/2020,Total,9133101448,2871774868,4720664970,17467922282,23730174264,22197271582,2870622470,4999213845,12312195856,14942638431,162131557,3740433064,3740433064,1629522362,1.21E+11
01/11/2020,BoG,7113235,1864197,2817644,3524525,4346582728,165707888,217000,346500,2566799,3979046333,107500,,,,8509894349
01/11/2020,Commercial Banks,1249083815,429794780,2699076265,9829424254,10609409121,5767149738,981282666,1493154622,3375750556,2893559594,65725953,959947180,664826313,664826313,41018184857
01/11/2020,Firms/Inst,1676144617,768479001,1496270030,3362655854,4903962082,4899056054,768876963,1314765906,1642984474,821744259,44513096,658278618,519378205,519378205,22877109159
01/11/2020,Insurance companies,11042486,99567612,15064033,62406848,97660424,125788213,49497702,90659131,139764853,89790713,,35789032,,,817031047
01/11/2020,Foreign investors,286802,42856,218640,1740753588,2733769638,8286315203,441974756,1760309060,4813244451,6517101824,1995000,6125060,56152,56152,26302193030
01/11/2020,rural banks,619639887,307347335,171588871,168336767,130826301,79670040,1094329,12047369,27476466,3450490,2011659,,7294320,7294320,1530783834
01/11/2020,SSNIT,120788,,67076517,115773000,43050000,73900000,5000000,,21550000,,,200139000,,,526609305
01/11/2020,Pension,,127096,17094356,396475857,721254055,1209149050,206294574,462270786,2028690161,972844972,11137726,215208770,211104707,211104707,6451652110
01/11/2020,others,5953208436,1196408185,377515334,1472230895,1419596902,1441697911,416384480,254591922,549741231,65100246,36640623,184079276,226862665,226862665,13594058106
01/11/2020,Total,9516640066,2803631062,4846721690,17151581588,25006111251,22048434097,2870622470,5388145296,12601768991,15342638431,162131557,2259566936,1629522362,1629522362,1.22E+11
01/12/2020,BoG,6150536,2162146,3131344,73343525,4357033928,215707888,277000,467500,2567032,3979046333,107500,,,,8639994732
01/12/2020,Commercial Banks,1311545332,442042243,1794880590,10480500330,11085635731,5788444565,977524598,1369055845,3214442762,2784948999,141834897,996899269,1332741156,713183044,41720496317
01/12/2020,Firms/Inst,2000464104,767518286,1529110997,3184192996,5562842417,4945612524,771171908,1336959303,1685630921,826508107,81680280,647719361,950820686,411443888,24290231890
01/12/2020,Insurance companies,10671051,101414936,15062170,63546617,100880118,125788213,49497702,90659131,141764853,89790713,19295580,35789032,51932317,,896092433
01/12/2020,Foreign investors,327596,118663,218640,1537290623,3775951819,8527213098,442919756,1834704560,4915534451,6596901824,26995000,6125060,113217,56152,27664414307
01/12/2020,rural banks,684940778,328717003,187123652,183150075,152864096,100459458,100000,12047369,28195196,4411419,7011659,,,13329827,1689020705
01/12/2020,SSNIT,15170886,127096,28576517,108882000,98149000,20000000,5000000,,,,,161230600,663556000,,1100692099
01/12/2020,Pension,,,16077023,383889250,744719959,1218169402,206638498,464280683,2060796820,980120784,12138726,227536402,397683185,242160209,6712050732
01/12/2020,others,6001453979,1214406841,399609696,1426709042,1464648326,1558224113,417493008,279970905,552836956,80910252,49534456,184267212,343586503,249349242,13973651289
01/12/2020,Total,10030724262,2856507214,3973790629,17441504458,27342725394,22499619261,2870622470,5388145296,12601768991,15342638431,338598098,2259566936,3740433064,1629522362,1.27E+11
01/01/2021,BoG,12235178,22676075,192105189,4133398,4347033928,165727888,277000,472440,2567032,3929379666,107500,,,,8676715294
01/01/2021,Commercial Banks,1342976511,429094902,1827726460,9840926150,11722973667,6122193779,1770593257,1420620141,3000491942,2824135565,75014805,1053111830,1323290634,715811677,42753149643
01/01/2021,Firms/Inst,2189320296,749044446,1589391560,3215071500,7005658828,4914801559,1331767133,1313009771,1784045351,847102032,91528329,655955516,959155878,379630153,26645852199
01/01/2021,Insurance companies,11042893,101072558,50121516,70013848,109578768,128080409,50645968,90991282,142480462,89790713,19295580,35789032,51932317,,950835346
01/01/2021,Foreign investors,66653,120663,225457,1810418657,4614847007,8823105195,1805927556,2019441592,5073629078,6556920824,40417914,6125060,113217,56152,30751358873
01/01/2021,rural banks,700715322,336087191,195813671,193697392,175850856,114108933,6143053,9891806,27195195,3971602,5500154,,,13329827,1768975175
01/01/2021,SSNIT,10145886,127096,43603517,166963000,33000000,170000000,240475253,,,,,85967000,663556000,,1413837752
01/01/2021,Pension,,,16077023,388604210,766439499,1233180546,278108420,471257488,2065272686,979007477,20788943,256354164,398814200,256369496,6873904656
01/01/2021,others,6036845296,1228934021,445359013,1177232029,1554412573,1374520952,270425982,263456508,506087245,62663885,85944873,166264334,343570818,264325057,13515717529
01/01/2021,Total,10303348035,2867156952,4360423406,16867060184,30329795126,23045719261,5754363622,5589141028,12601768991,15292971764,338598098,2259566936,3740433064,1629522362,1.33E+11
01/02/2021,BoG,69116127,3771297,343936280,3883653,4347238928,165782888,297000,472440,2567032,3680212999,107500,,,,8617386144
01/02/2021,Commercial Banks,1379269728,457280274,2063061607,10437136853,11903325323,5878311270,1441525582,1344453569,3184876494,2825250058,76095075,1095348170,667731768,667731768,42753665771
01/02/2021,Firms/Inst,2268903546,808400800,1513465840,3267049491,6240340946,5365770695,1482344876,1324835029,1798333272,863683148,105265368,642407832,416264684,416264684,26097065527
01/02/2021,Insurance companies,11126642,102243757,52777516,57795794,110120308,128239518,50645968,90991282,142480462,98628713,19295580,35789032,,,900134572
01/02/2021,Foreign investors,40794,120663,227786,2938864153,4950248722,8598699258,1903556006,2013628490,4851179819,6664744179,24325414,6125060,113452,113452,31951873796
01/02/2021,rural banks,710720441,344181599,200515126,196769702,194916803,114709443,21360784,9891806,30705196,2949757,5500154,,13329827,13329827,1845550638
01/02/2021,SSNIT,124032,127096,17346517,72759000,33000000,170000000,240475253,30705196,,,,71224000,,,635761094
01/02/2021,Pension,,,16077023,381213193,781197854,1250447274,288642945,2065093669,2065093669,984408158,20788943,234607059,256398197,256398197,8343967984
01/02/2021,others,5988659640,1278698475,458499289,1151096732,1769406242,1373758915,325515208,526533047,526533047,66428085,87220064,174065783,275684434,275684434,14002098961
01/02/2021,Total,10427960950,2994823961,4665906984,18506568571,30329795126,23045719261,5754363622,7406604528,12601768991,15186305097,338598098,2259566936,1629522362,1629522362,1.35E+11
01/03/2021,BoG,28022932,24006521,272033175,4357113,4307319928,165848888,325000,534440,2567032,3897067999,107500,,,,8702190528
01/03/2021,Commercial Banks,1484766393,1605303697,2522134139,10646843309,11904654726,6324808796,1310179503,1304813710,3873390765,3647978303,124006560,1057563432,1319858375,649764780,47126301708
01/03/2021,Firms/Inst,2248537124,797971730,1774763214,3212260317,5560455191,5933158745,1531527919,1314770878,1879543467,1036030427,252941296,647420064,972382811,415572983,27161763183
01/03/2021,Insurance companies,10439373,101945860,74757099,69244804,99754664,131748216,50645968,90991282,142480462,98628713,40118588,35789032,51932317,,998476378
01/03/2021,Foreign investors,,217449,200446893,3436367581,5514089362,8337040682,2127647405,2067577295,4846651963,5432999714,979061,6125060,113217,113015,31970255682
01/03/2021,rural banks,697676241,345928381,214199057,199601201,165856156,136125437,21360784,9891806,32705196,2927235,5000000,,2142200,13329827,1833413694
01/03/2021,SSNIT,124901,127096,126517,16170000,45750713,175900000,235475253,,,,,96780000,649699000,,1220153480
01/03/2021,Pension,,,16077023,353197175,818018450,1268943072,300216504,492185450,2072033109,1033184538,50021919,251811776,398270839,262199526,7053959855
01/03/2021,others,6407917485,1336915251,502439908,1125275801,1822527364,1347374445,351932441,339920842,552396997,90252292,65423174,164077572,346034305,288542231,14452487877
01/03/2021,Total,10877484449,4212415985,5576977025,19063317301,30238426554,23820948281,5929310777,5620685703,13401768991,15239069221,538598098,2259566936,3740433064,1629522362,1.41E+11
01/04/2021,BoG,23980279,22055099,159652225,6135613,4307656428,166145888,780000,574440,2591032,3897067999,107500,,,,8586746503
01/04/2021,Commercial Banks,1468146709,1708013721,3118291546,10397146227,12524618513,6952585383,1282553777,1326372945,3753880048,3686207605,186780885,1112461051,1331257317,655079350,48848315727
01/04/2021,Firms/Inst,2618552597,808011262,1785443992,3188555738,5337571185,5853934438,1634593699,1335504957,1934960509,1214958119,460275277,653353640,1014627863,415449351,27840343276
01/04/2021,Insurance companies,10260204,102584859,76616676,69532177,96599864,120417348,52645968,90991282,144733648,99028713,40743588,35789032,51932317,,991875676
01/04/2021,Foreign investors,2061,297268,200429641,3543863682,5977782775,8528692044,2035643941,1985445514,5140970798,5390413159,5979061,6125060,113217,113015,32815758221
01/04/2021,Rural Banks,679719728,339448354,217515959,203022547,187499333,141630702,21360784,10088389,31706402,1966306,6064338,,4816721,13329827,1844839563
01/04/2021,SSNIT,124901,127096,126517,31196800,35750910,190922000,235475253,,,,,16419000,649728000,,1159870477
01/04/2021,Pension,37385,,16353159,364637391,710705752,1262750339,299438473,493255757,2106407617,1126597837,178305777,281337431,396122999,267199526,7235949917
01/04/2021,Others,6388016610,1370264718,566703565,1259227126,1772289699,1437293877,366818882,378452419,667416368,138871572,60555932,154081722,291834630,278351293,14851827120
01/04/2021,Total,11188840474,4350802377,6141133280,19063317301,30950474459,24654372019,5929310777,5620685703,13782666422,15555111310,938812358,2259566936,3740433064,1629522362,1.44E+11
01/05/2021,BoG,27964604,2284727,159630718,6569613,4307721428,166225888,800000,624440,2691032,3897067999,107500,,,,8571687949
01/05/2021,Commercial Banks,1338018650,1821465602,3953770572,10331927730,12466476187,8529247086,1154443637,1344089645,3588234879,3656713811,189302585,1070377750,1201808314,646804802,50645876448
01/05/2021,Firms/Inst,2654977154,798351286,1849767937,3100317282,5144944902,6227223456,1620031570,1366848687,1984053856,1236036666,421480632,650127983,1125669926,405470199,28179831337
01/05/2021,Insurance companies,10343874,104343321,76284384,69532177,98411866,125917348,52645968,90991282,144733648,99028713,61326646,35789032,51932317,,1021280576
01/05/2021,Foreign investors,31918,350056,200422824,3731022445,5704429672,9283683098,2153226413,1942539200,5140388396,5388765159,10979061,6125060,113217,113015,33562076519
01/05/2021,Rural Banks,711339255,353653024,214710843,204944678,186863371,153127848,21839571,10088389,38641815,3227093,6064338,,4816721,13329827,1909316946
01/05/2021,SSNIT,127966,135581,126517,71249500,25731200,175900000,235475253,,,,,56427000,654718000,,1219891017
01/05/2021,Pension,33940,,25214463,383313446,744769823,1361254552,302288861,502552613,2140203847,1124143938,186840631,287523246,409731591,283926380,7467870951
01/05/2021,Others,6371708613,1401033661,598762710,1328005087,1638415415,1645420382,388559504,402122784,743718949,150127931,62710965,153196865,291642978,279878139,15175425844
01/05/2021,Total,11114545974,4481617258,7078690968,19226881958,30317763864,27667999658,5929310777,5659857040,13782666422,15555111310,938812358,2259566936,3740433064,1629522362,1.48E+11
01/06/2021,BoG,6735039,3318088,159890430,6864113,4308197728,126687888,855000,869740,2691032,3937067999,107500,,,,8553284557
01/06/2021,Commercial Banks,1217305075,1761966821,4320295839,10222008423,11441783165,8387493002,1310445592,2482033155,3835918431,3832734217,474492566,1096500623,1133460379,633661438,52150098726
01/06/2021,Firms/Inst,2671865306,922424107,1813012113,3036622810,4769256391,6236074474,1558676386,1833992736,1961942260,1296072419,674798461,645214644,1140594519,416745699,28977292325
01/06/2021,Insurance companies,8671661,96880076,86049496,67170012,96385856,119347423,52645968,101508052,143933648,100610713,72670722,35789032,51932317,,1033594976
01/06/2021,Foreign investors,117754,337071,200504890,3792665350,5963504750,8951687280,2156133144,2193704200,5155831410,5336547346,917914,6125060,68736217,113015,33826925401
01/06/2021,Rural Banks,710530836,357228300,213958720,204944678,175513506,159199932,24304165,18088390,41641815,3227093,5000000,,4816721,13329827,1931783983
01/06/2021,SSNIT,128814,135581,147013,51256000,,286073500,235475253,,,,,35217466,634722000,,1243155627
01/06/2021,Pension,4575,4594,47474705,372542268,719885239,1369266315,302334779,544163205,2142761302,1136631751,241358386,287523246,410810663,283926380,7858687408
01/06/2021,Others,6344000092,1464080601,679391248,1472808304,1576091073,1768519179,397093835,570286562,790553245,162219772,77409631,153196865,295360248,281746003,16032756658
01/06/2021,Total,10959359152,4606375239,7520724454,19226881958,29050617708,27404348993,6037964122,7744646040,14075273143,15805111310,1546755180,2259566936,3740433064,1629522362,1.52E+11
01/07/2021,BoG,9252862,3831948,159536905,7585113,4308496728,121767888,875000,1087740,2691032,3887401332,107500,,,,8502634048
01/07/2021,Commercial Banks,1396144108,1799038782,4950365941,10088576672,9734567896,8549923735,1509502822,2446978867,4349616108,2975015217,430814227,1117855666,1214596985,682301033,51245298059
01/07/2021,Firms/Inst,2543892720,942072365,1887213264,3060824077,4500033855,6074056559,1673662510,2329111248,2371301610,1368184021,663121754,651942514,1143536319,392868966,29601821782
01/07/2021,Insurance companies,8756051,96307496,81645087,69744639,102639087,110463611,52942197,106408052,177552500,100610713,72670722,35789032,51932317,0,1067461504
01/07/2021,Foreign investors,115693,335071,201981218,3976215433,5730997219,7992116939,2161135788,2108219350,5123614060,6102149176,917914,6125060,136217,135015,33404194153
01/07/2021,Rural Banks,672394169,347786928,212096207,205279422,198821721,139068237,15814894,20088390,45340958,2737523,5000000,0,4816721,13329827,1882574997
01/07/2021,SSNIT,128814,135581,30197013,81239000,5008000,238007000,235475253,0,0,0,0,25187466,609656000,0,1225034127
01/07/2021,Pension,23964,4594,40057547,356626204,687603969,1316490775,323092338,640565393,2207349776,1151642444,276796861,292095376,414523708,283885338,7990758287
01/07/2021,Others,6359379401,1492588461,753513113,1380791398,1719741119,1759213760,424866129,711291325,909149616,167704217,97326202,130571822,301234797,257002183,16464373543
01/07/2021,Total,10990087782,4682101226,8316606295,19226881958,26987909594,26301108504,6397366931,8363750365,15186615660,15755444643,1546755180,2259566936,3740433064,1629522362,1.51E+11
01/08/2021,BoG,7751633,2990560,159357719,8171113,4308852728,121784888,1214845,1123940,2691032,3780734665,107500,0,0,0,8394780623
01/08/2021,Commercial Banks,1706304828,1803596409,5064428791,11125697123,9724642578,9200340873,1527554122,2305542483,4327773534,2816253210,373933748,582718282,1783245600,658501741,53000533322
01/08/2021,Firms/Inst,1933482217,946005494,1897323845,3432714842,4439489844,6201892417,1703640492,2408681248,2410991673,1372008228,676052857,1371631136,1464423802,392808708,30651146803
01/08/2021,Insurance companies,7405987,97735988,77389043,77884639,104426112,114990437,52942197,106408052,181365149,109624232,72670722,1734932,87271095,0,1091848585
01/08/2021,Foreign investors,108707,355071,202282128,4479891319,5812790189,8057708556,2072151128,2072165572,5107810301,6234333076,752814,6125060,136217,135015,34046745153
01/08/2021,Rural Banks,647475327,350357521,209680928,212109949,199244674,132020322,27833214,27416818,45341370,2737523,5000000,0,4816721,13329827,1877364194
01/08/2021,SSNIT,131878,135581,20164013,45041000,10006600,258027000,235475253,0,16500000,0,0,8772466,617910030,0,1212163821
01/08/2021,Pension,36127,4594,33057547,388695880,695359002,1327434984,321990477,641462173,2250622751,1170862556,315606949,175020887,533048310,284385338,8137587575
01/08/2021,Others,6471584710,1531180106,779103643,1514329781,1723102859,1819396292,453965173,800950079,967072828,191157915,102630540,113564173,322841617,280361733,17071241449
01/08/2021,Total,10774281414,4732361324,8442787657,21284535646,27017914586,27233595769,6396766901,8363750365,15310168638,15677711405,1546755130,2259566936,4813693392,1629522362,1.55E+11
01/09/2021,BoG,14349652,5861456,163420291,9681613,4311959728,121898888,1327875,1439940,2851032,3780734665,107500,,,,8413632640
01/09/2021,Commercial Banks,1250990576,1943919077,5186859392,11165247581,10711070176,9785298600,2107956265,2260761220,4594326046,2859740189,351636536,497302576,1857591720,814320683,55387020637
01/09/2021,Firms/Inst,1975366964,827635203,1971768119,3238782353,4277281112,6207778682,2130480503,2598288433,2660986902,1343013150,693842670,356512586,1249639879,2084033023,31615409579
01/09/2021,Insurance companies,7409911,98256596,78641394,74708225,104426112,114990437,70074943,106408052,198552829,109624232,78575722,1734932,87271095,,1130674480
01/09/2021,Foreign investors,158961,594498,202282128,3007307212,5781363467,7949183415,2065923554,2006683877,5011407632,6239009076,781365,6125060,136217,58817227,32329773689
01/09/2021,Rural Banks,632324803,344921099,201703590,213074646,206754405,136034858,30532514,28884976,45821282,2713190,5000000,,4816721,13329827,1865911911
01/09/2021,SSNIT,132727,135581,20180213,45900000,60094000,202093000,235475253,10430000,16500000,-,,,617910030,15020000,1223870804
01/09/2021,Pension,64158,7811,25711366,411207705,660759338,1313812968,357285051,650611539,2298623624,1137278704,310835299,140731812,529558310,406833897,8243321582
01/09/2021,Others,6491130710,1537587020,797327924,1269997726,1668984006,1898274921,642384764,911458966,996991156,205598199,105976088,114140548,286769420,289723733,17216345181
01/09/2021,Total,10371928462,4758918341,8647894417,19435907061,27782692344,27729365769,7641440722,8574967003,15826060503,15677711405,1546755180,1116547514,4633693392,3682078390,1.57426E+11