Trade Date,ISIN,Securities, Bids (Amt) Tendered GHS(M) , Bids (Amt) Accepted Ghs(M) ,Range Of Bid Rates (% P.A.), Discount Rate (%) , Interest Rate (%)
05/01/2018,GHGGOG047887,91D,132.21,132.21,12.6000-13.0000,12.9,13.33
05/01/2018,GHGGOG047895,182D,64.43,64.43,12.6000-13.1000,12.97,13.87
12/01/2018,GHGGOG047895,182D,66.67,66.67,12.6000-13.1000,12.99,13.89
05/01/2018,GHGGOG047903,2 YR,233.12,233.12,15.0000-17.1800,,17.18
12/01/2018,GHGGOG047945,91D,498.39,497.89,12.6000-15.0000,12.93,13.37
19/01/2018,GHGGOG048026,91D,473.07,472.57,12.6000-14.0000,12.89,13.32
19/01/2018,GHGGOG048034,182D,322.18,322.18,12.6000-13.1000,12.93,13.82
26/01/2018,GHGGOG048117,91D,417.93,417.93,12.6000-13.0000,12.92,13.35
26/01/2018,GHGGOG048125,182D,172.44,172.44,12.9000-13.1000,13.01,13.91
02/02/2018,GHGGOG048216,91D,157.81,157.81,12.7000-13.0000,12.89,13.32
02/02/2018,GHGGOG048224,182D,81.12,81.12,12.7000-13.1000,12.99,13.89
02/02/2018,GHGGOG048240,1 YR,250.27,250.27,14.0000- 15.0000,,15
09/02/2018,GHGGOG048331,5 YR,"2,010.53","1,990.19",14.9900-17.5000,,16.5
09/02/2018,GHGGOG048349,91D,415.42,415.42,12.7000-13.0000,12.93,13.37
09/02/2018,GHGGOG048356,182D,67.79,67.29,12.7000-15.0000,13,13.91
16/02/2018,GHGGOG048422,91D,447.15,447.15,12.1000-13.1000,12.91,13.34
16/02/2018,GHGGOG048430,182D,92.69,92.69,12.2000-13.1000,12.99,13.89
16/02/2018,GHGGOG048448,2 YR,497.97,485.92,14.5000-17.0000,,16.5
23/02/2018,GHGGOG048521,91D,473.07,473.07,12.7000-13.0000,12.92,13.35
23/02/2018,GHGGOG048539,182D,56.27,56.27,12.7000-13.1000,12.99,13.9
02/03/2018,GHGGOG048620,91D,551.98,551.98,12.7000-13.0000,12.94,13.37
02/03/2018,GHGGOG048638,182D,105.41,105.41,12.7000-13.1000,12.99,13.89
02/03/2018,GHGGOG048646,1 YR,67.76,67.76,14.0000-15.0000,,15
09/03/2018,GHGGOG048729,91D,356.61,356.61,12.7000-13.0000,12.92,13.35
09/03/2018,GHGGOG048745,182D,70.34,70.34,12.7000-13.1000,12.98,13.88
16/03/2018,GHGGOG048828,91D,425.59,419.13,12.7000-13.8000,12.91,13.34
16/03/2018,GHGGOG048836,182D,43.95,43.95,12.7000-13.1000,13.01,13.91
16/03/2018,GHGGOG048844,2 YR,446.94,446.94,14.5000-16.5000,,16.5
23/03/2018,GHGGOG048935,3 YR,"1,575.97","1,575.97",15.5000-16.5000,,16.5
23/03/2018,GHGGOG048943,91D,389.29,389.29,12.7000-13.0000,12.93,13.36
23/03/2018,GHGGOG048950,182D,58.09,58.09,12.7000-13.1000,13.01,13.9
23/03/2018,GHGGOG048968,1 YR,11.74,11.74,14.0000-15.0000,,15
29/03/2018,GHGGOG049065,91D,250.81,250.81,12.7000-13.0000,12.89,13.31
29/03/2018,GHGGOG049073,182D,170.26,170.26,12.7000-13.1000,12.98,13.88
29/03/2018,GHGGOG049081,1 YR,24.47,24.47,13.5000-15.0000,,15
06/04/2018,GHGGOG049164,91D,123.36,123.36,12.7000-13.0000,12.9,13.33
06/04/2018,GHGGOG049172,182D,99.71,99.71,12.7000-13.1000,12.99,13.89
13/04/2018,GHGGOG049263,7 YR,824.89,809.89,15.7500-16.5000,,16.25
13/04/2018,GHGGOG049271,91D,468.25,468.25,12.7000-13.0000,12.93,13.36
13/04/2018,GHGGOG049289,182D,66.88,64.99,12.7000-13.1000,12.97,13.87
13/04/2018,GHGGOG049297,1 YR,23.39,23.39,13.0000-15.0000,,15
20/04/2018,GHGGOG049420,182D,70.89,63.9,12.9000-13.1000,12.99,13.89
20/04/2018,GHGGOG049438,91D,487.5,487.5,12.6000-13.0000,12.9,13.33
27/04/2018,GHGGOG049529,91D,353.68,353.68,12.7000-13.0000,12.93,13.36
27/04/2018,GHGGOG049537,182D,309.91,309.91,12.7000-13.0000,12.96,13.86
27/04/2018,GHGGOG049545,1 YR,192.05,192.05,14.0000-15.0000,,15
04/05/2018,GHGGOG049628,91D,178.98,178.98,12.7000-13.0000,12.9,13.33
04/05/2018,GHGGOG049636,182D,54.49,309.91,12.7000-13.0000,12.94,13.84
11/05/2018,GHGGOG049768,2 YR,626.98,626.98,15.5000-16.0000,,16
11/05/2018,GHGGOG049776,91D,446.22,446.22,12.7000-13.0000,12.95,13.38
11/05/2018,GHGGOG049784,182D,78.08,78.08,12.7000-13.0000,12.96,13.86
18/05/2018,GHGGOG049875,3 YR,749.9,749.2,15.7500-16.2500,,16.25
18/05/2018,GHGGOG049883,91D,508.23,508.23,12.7000-13.0000,12.92,13.35
18/05/2018,GHGGOG049891,182D,68.63,68.63,12.7000-13.0000,12.93,13.83
18/05/2018,GHGGOG049909,1 YR,52.71,52.71,14.5000-15.0000,,15
24/05/2018,GHGGOG050022,91D,422.2,391.5,12.8000-13.0000,12.91,13.34
24/05/2018,GHGGOG050030,182D,204.48,204.48,12.9000-13.0000,12.97,13.87
01/06/2018,GHGGOG050139,91D,566.18,566.18,12.7000-12.9500,12.81,13.24
01/06/2018,GHGGOG050147,182D,77.94,77.94,12.9000-13.0000,12.95,13.85
01/06/2018,GHGGOG050154,1 YR,74.37,74.37,14.0000-15.0000,,15
08/06/2018,GHGGOG050246,10 YR,523.2,477.6,17.3500-17.7500,,17.5
08/06/2018,GHGGOG050253,91D,377.49,377.49,12.8000-12.9500,12.88,13.3
08/06/2018,GHGGOG050261,182D,36.03,36.03,12.9000-13.0000,12.93,13.82
14/06/2018,GHGGOG050345,91D,419.55,419.55,12.8000-12.9500,12.91,13.34
14/06/2018,GHGGOG050352,182D,555.17,555.17,12.9000-13.0000,12.99,13.89
14/06/2018,GHGGOG050360,1 YR,120.03,120.03,14.0000-15.0000,,15
22/06/2018,GHGGOG050444,91D,387.67,387.67,12.8000-12.9500,12.9,13.33
22/06/2018,GHGGOG050451,182D,125.43,125.43,12.9000-13.0000,12.95,13.85
29/06/2018,GHGGOG050543,3 YR,238.78,237.78,17.0000-17.7500,,17.5
29/06/2018,GHGGOG050568,91D,268.27,268.27,12.8000-12.9500,12.9,13.33
29/06/2018,GHGGOG050576,182D,37.69,37.69,12.9000-13.0000,12.96,13.86
29/06/2018,GHGGOG050584,1 YR,257.84,257.84,14.0000-15.0000,,15
06/07/2018,GHGGOG050675,91D,130.78,130.78,12.8000-12.9500,12.89,13.32
06/07/2018,GHGGOG050683,182D,73.46,73.46,12.9000-13.0000,12.96,13.86
13/07/2018,GHGGOG050782,91D,425.96,425.96,12.8000-12.9500,12.89,13.32
13/07/2018,GHGGOG050790,182D,51.64,51.64,12.9000-13.0000,12.97,13.87
13/07/2018,GHGGOG050808,1 YR,37.93,32.19,14.0000-15.0000,,14.5
20/07/2018,GHGGOG050873,91D,454.2,454.2,12.8000-12.9500,12.9,13.33
20/07/2018,GHGGOG050881,182D,316.55,316.55,12.9000-13.0000,12.91,13.8
27/07/2018,GHGGOG050980,3 YR,471.03,471.03,17.2500-18.0000,,18
27/07/2018,GHGGOG051004,91D,413.24,400.39,12.8000-12.9500,12.88,13.31
27/07/2018,GHGGOG051012,182D,163.42,163.42,12.9000-13.0000,12.93,13.83
27/07/2018,GHGGOG051020,1 YR,9.67,9.19,14.0000-15.0000,,14.5
03/08/2018,GHGGOG051145,91D,226.5,226.5,12.8000-12.9000,12.88,13.31
03/08/2018,GHGGOG051152,182D,116.36,116.36,12.9000-13.0000,12.92,13.82
10/08/2018,GHGGOG051228,91D,383.45,383.45,12.8000-12.9000,12.87,13.3
10/08/2018,GHGGOG051236,182D,59.65,59.65,12.9000-13.0000,12.96,13.86
10/08/2018,GHGGOG051244,1 YR,13.56,13.56,14.0000-14.5000,,14.5
17/08/2018,GHGGOG051335,91D,430.1,430.1,12.8000-12.9000,12.88,13.31
17/08/2018,GHGGOG051343,182D,87.69,87.69,12.9000-13.0000,12.96,13.86
17/08/2018,GHGGOG051350,1 YR,19.51,19.51,14.0000-14.5000,,14.5
24/08/2018,GHGGOG051434,2 YR,176.22,176.22,17.0000-18.0000,,18
24/08/2018,GHGGOG051442,91D,419.13,419.13,12.8000-13.0000,12.9,13.33
24/08/2018,GHGGOG051459,182D,47.13,47.13,12.9000-13.0000,12.97,13.87
31/08/2018,GHGGOG051525,91D,550.48,550.48,12.8000-13.0000,12.93,13.36
31/08/2018,GHGGOG051533,182D,103.25,103.25,12.9000-13.0000,12.94,13.83
07/09/2018,GHGGOG051616,91D,503.21,503.21,12.8000-13.0000,12.93,13.36
07/09/2018,GHGGOG051624,182D,64.88,64.88,12.9000-13.5000,13.03,13.93
14/09/2018,GHGGOG051699,91D,440.53,440.53,12.8000-13.0000,12.94,13.37
14/09/2018,GHGGOG051707,182D,33.3,33.3,12.9000-13.5000,13.25,14.19
14/09/2018,GHGGOG051715,1 YR,41.91,41.41,14.0000-16.5000,,15
20/09/2018,GHGGOG051806,91D,404.03,404.03,12.8000-13.0000,12.95,13.39
20/09/2018,GHGGOG051814,182D,43.64,43.64,12.9000-13.5000,13.24,14.18
28/09/2018,GHGGOG051913,91D,301.08,301.08,12.8000-13.0000,12.97,13.41
28/09/2018,GHGGOG051921,182D,158.1,158.1,12.9000-13.5000,13.38,14.33
28/09/2018,GHGGOG051939,1 YR,316.57,116.57,14.5000-19.0000,,15
05/10/2018,GHGGOG052028,2 YR,774.01,769.01,18.5000-19.7500,,19.5
05/10/2018,GHGGOG052036,91D,166.86,166.86,12.8000-13.0000,12.98,13.41
05/10/2018,GHGGOG052044,182D,37.4,37.4,13.0000-13.5000,13.32,14.27
12/10/2018,GHGGOG052150,91D,464.69,464.69,12.8000-13.5000,13.03,13.47
12/10/2018,GHGGOG052168,182D,50.57,50.57,13.0000-13.5000,13.36,14.32
12/10/2018,GHGGOG052176,1 YR,76.76,76.76,14.5000-15.0000,,15
19/10/2020,GHGGOG052275,3 YR,988.59,988.59,19.0000-19.5000,,19.5
19/10/2018,GHGGOG052283,91D,477.03,477.03,12.8000-13.9000,13.29,13.75
19/10/2019,GHGGOG052291,182D,43.33,43.33,13.0000-13.5000,13.43,14.4
26/10/2018,GHGGOG052382,91D,375.91,375.91,13.0000 - 13.8500,13.45,13.92
26/10/2018,GHGGOG052390,182D,290.54,290.54,13.2000 - 13.7000,13.47,14.44
02/11/2018,GHGGOG052481,91D,271.45,271.45,12.8000-14.0000,13.65,14.13
02/11/2018,GHGGOG052499,182D,63.11,63.11,13.0000-13.7000,13.52,14.5
02/11/2018,GHGGOG052507,1 YR,10.78,9.78,14.0000-16.0000,,15
09/11/2018,GHGGOG052580,2 YR,557.32,557.32,18.75000-19.5000,,19.5
09/11/2018,GHGGOG052598,91D,424.16,424.16,13.3000-14.0000,13.91,14.41
09/11/2018,GHGGOG052606,182D,87.9,87.9,13.3000-13.7000,13.64,16.64
16/11/2018,GHGGOG052697,91D,585.08,585.08,13.5000-14.0000,13.92,14.42
16/11/2018,GHGGOG052705,182D,61.45,61.45,13.4000-13.7000,13.62,14.61
16/11/2018,GHGGOG052713,1 YR,27.87,27.87,14.0000-15.0000,,15
23/11/2018,GHGGOG052820,91D,460.03,460.03,13.3000-14.0000,13.89,14.39
23/11/2018,GHGGOG052838,182D,193.03,193.03,13.5000-14.0000,13.79,14.81
30/11/2018,GHGGOG052952,91D,808.23,688.23,13.3000-14.2254,13.97,14.48
30/11/2018,GHGGOG052960,182D,76.2,76.2,13.5000-14.0000,13.8,14.82
30/11/2018,GHGGOG052978,1 YR,137.72,137.72,14.2000-15.5000,,15
06/12/2018,GHGGOG053059,2 YR,714.51,584.51,16.0000-19.7500,,19.5
06/12/2018,GHGGOG053067,91D,435.8,435.3,13.7000-14.1500,14.02,14.53
06/12/2018,GHGGOG053075,182D,41.9,41.9,13.7000-14.0000,13.92,14.96
14/12/2018,GHGGOG053141,91D,468.71,468.71,13.9000-14.1300,14.05,14.56
14/12/2018,GHGGOG053166,1 YR,65.74,65.74,14.0000-15.5000,,15.5
14/12/2018,GHGGOG053182,182D,92.08,92.08,13.7000-14.0000,13.96,15.01
21/12/2018,GHGGOG053273,91D,432.02,432.02,13.9000-14.1300,14.05,14.56
21/12/2018,GHGGOG053281,182D,643.18,643.18,13.9000-14.0500,14.04,15.1
28/12/2018,GHGGOG053364,91D,327.18,327.18,13.9000-14.1300,14.08,14.59
28/12/2018,GHGGOG053372,182D,50.04,50.04,13.9000-14.0500,13.98,15.03
28/12/2019,GHGGOG053380,1 YR,97.85,97.85,14.0000-15.5000,,15.5
04/01/2019,GHGGOG053455,2 YR,378.04,378.04,17.0000-19.7500,,19.75
04/01/2019,GHGGOG053463,3 YR,387.33,387.33,19.5000-20.0000,,20
04/01/2019,GHGGOG053513,91D,248.21,248.21,13.9000-14.1300,14.08,14.6
04/01/2019,GHGGOG053521,182D,94.66,94.66,13.9000-14.0500,13.99,15.04
11/01/2019,GHGGOG053596,91D,470.62,470.62,13.9000-14.2200,14.11,14.63
11/01/2019,GHGGOG053604,182D,57.62,57.62,13.9000-14.1000,14.03,15.09
11/01/2019,GHGGOG053612,364D,5.88,5.88,13.4100-15.5000,14.21,16.57
18/01/2019,GHGGOG053695,91D,523.31,523.31,14.0000-14.2200,14.17,14.69
18/01/2019,GHGGOG053705,182D,250.01,250.01,13.9500-14.1000,14.05,15.11
25/01/2019,GHGGOG053810,91D,424.16,424.16,14.0000-14.2200,14.18,14.7
25/01/2019,GHGGOG053828,182D,178.29,178.29,13.9500-14.1000,14.08,15.15
25/01/2019,GHGGOG053836,364D,37.54,37.54,14.2000-15.5000,15.41,18.21
01/02/2019,GHGGOG053935,6 YR,370.31,370.31,20.0000-21.0000,,21
01/02/2019,GHGGOG053943,91D,307.98,307.98,14.0000-14.2200,14.18,14.7
01/02/2019,GHGGOG053950,182D,95.61,95.61,14.0000-14.1000,14.08,15.14
01/02/2019,GHGGOG053968,364D,293.6,293.6,14.5300-16.4927,15.45,18.28
08/02/2019,GHGGOG054040,91D,508.52,508.52,14.0000-14.2200,14.19,14.71
08/02/2019,GHGGOG054057,182D,73.16,73.16,14.0000-14.1000,14.09,15.15
08/02/2019,GHGGOG054065,364D,129.76,24.76,15.0000-15.5000,15.37,18.16
15/02/2019,GHGGOG054156,91D,487.94,487.94,14.0000-14.2200,14.19,14.71
15/02/2019,GHGGOG054164,182D,80.64,80.64,14.0000-14.1000,14.06,15.13
22/02/2019,GHGGOG054255,2 YR,457.1,357.1,19.2000-20.0000,,19.75
22/02/2019,GHGGOG054271,91D,462.34,462.34,14.0000-14.2200,14.19,14.71
22/02/2019,GHGGOG054289,182D,91.54,91.54,14.0000-14.1000,14.07,15.13
01/03/2019,GHGGOG054388,91D,568.4,568.4,14.0000-14.2200,14.19,14.71
01/03/2019,GHGGOG054396,182D,111.15,111.15,14.0000-14.1000,14.07,15.13
01/03/2019,GHGGOG054404,364D,335.05,279.95,15.0000-15.8500,15.27,18.03
08/03/2019,GHGGOG054495,2 YR,513.24,513.24,16.0000-19.7500,,19.75
08/03/2019,GHGGOG054503,91D,419.84,419.84,14.0000-14.2200,14.19,14.71
08/03/2019,GHGGOG054511,182D,69.49,60.24,14.0000-15.0000,14.08,15.15
15/03/2019,GHGGOG054578,91D,443.22,443.22,14.0000-14.2200,14.19,14.72
15/03/2019,GHGGOG054586,182D,64.67,51.47,14.0000-14.6000,14.08,15.15
15/03/2019,GHGGOG054594,364D,225.99,220.99,15.0000-15.4800,15.39,18.19
22/03/2019,GHGGOG054693,91D,507.32,507.32,14.0000-14.2200,14.2,14.72
22/03/2019,GHGGOG054701,182D,65.02,65.02,14.0000-14.1000,14.09,15.16
29/03/2019,GHGGOG054800,91D,575.09,535.89,14.0000-14.7000,14.2,14.73
29/03/2019,GHGGOG054818,182D,398.2,387,14.0000-14.5000,14.1,15.16
29/03/2019,GHGGOG054826,364D,249.48,161.08,15.0000-16.0000,15.32,18.1
05/04/2019,GHGGOG054891,91D,976.47,907.49,14.0000-14.2300,14.19,14.71
05/04/2019,GHGGOG054909,182D,63.46,63.46,14.0000-14.1000,14.06,15.12
12/04/2019,GHGGOG054974,91D,571.28,490.49,13.9900-14.6000,14.19,14.71
12/04/2019,GHGGOG054982,182D,82.97,61.55,14.0000-14.5000,14.04,15.1
12/04/2019,GHGGOG054990,364D,513.42,379.46,15.0000-16.0000,15.29,18.05
18/04/2019,GHGGOG055062,5 YR,"1,061.08","1,061.08",19.5000-19.7500,,19.75
18/04/2019,GHGGOG055070,91D,620.84,506.22,13.8000-14.5000,14.14,14.66
18/04/2019,GHGGOG055088,182D,88.1,84.85,13.9000-14.6000,14.01,15.07
26/04/2019,GHGGOG055138,91D,516.91,495.92,14.0000-14.5500,14.15,14.67
26/04/2019,GHGGOG055146,182D,305.25,215.85,13.9000-14.6000,14.01,15.07
26/04/2019,GHGGOG055153,364D,593,312.4,15.0000-16.0000,15.26,18.01
03/05/2019,GHGGOG055211,91D,424.44,424.44,14.0000-14.5500,14.23,14.76
03/05/2019,GHGGOG055229,182D,152.32,152.32,14.0000-14.6000,14.24,15.33
10/05/2019,GHGGOG055294,91D,498.63,490.53,14.0000-14.5500,14.34,14.87
10/05/2019,GHGGOG055302,182D,75.62,70.25,14.0000-15.2700,14.26,15.35
10/05/2019,GHGGOG055310,364D,154.45,154.45,15.0000-15.3000,15.27,18.03
17/05/2019,GHGGOG055393,91D,389.07,349.57,14.0000-14.5000,14.38,14.92
17/05/2019,GHGGOG055401,182D,92.48,79.98,14.0000-14.5000,14.36,15.47
17/05/2019,GHGGOG055401,182D,92.48,79.98,14.0000-14.5000,14.36,15.47
17/05/2019,GHGGOG055419,364D,179.26,178.42,15.0000-15.3000,15.26,18.01
24/05/2019,GHGGOG055500,3 YR,632.98,632.98,19.6000-19.7000,,19.7
24/05/2019,GHGGOG055534,91D,523.02,523.02,14.0000-14.4000,14.33,14.86
24/05/2019,GHGGOG055542,182D,244.21,244.17,14.0000-14.4500,14.28,15.38
31/05/2019,GHGGOG055633,91D,616.2,306.21,14.0000-14.4000,14.3,14.83
31/05/2019,GHGGOG055641,182D,83.09,68.96,14.0000-14.3600,14.26,15.35
31/05/2019,GHGGOG055658,364D,727.17,622.94,15.0000-15.3000,15.25,18
07/06/2019,GHGGOG055757,91D,764.02,756.02,14.0000-14.3500,14.22,14.75
07/06/2019,GHGGOG055765,182D,54.1,49.63,14.0000-14.3000,14.17,15.24
14/06/2019,GHGGOG055815,91D,604,604,14.0000-14.3000,14.23,14.76
14/06/2019,GHGGOG055823,182D,103.31,99.81,14.0000-14.2000,14.16,15.24
14/06/2019,GHGGOG055831,364D,333.95,333.95,15.0000-15.2542,15.2,17.92
21/06/2019,GHGGOG055922,10 YR,503.95,503.95,19.3000-19.8000,,19.8
21/06/2019,GHGGOG055930,91D,600.78,600.78,14.0000-14.3000,14.25,14.77
21/06/2019,GHGGOG055948,182D,140.79,140.79,14.0000-14.2000,14.15,15.23
28/06/2019,GHGGOG056037,91D,364.96,364.96,14.0000-14.2500,14.22,14.74
28/06/2019,GHGGOG056045,182D,54.02,51.59,14.0000-14.2000,14.13,15.2
28/06/2019,GHGGOG056052,364D,495.99,474.35,15.0000-15.2600,15.19,17.92
05/07/2019,GHGGOG056136,91D,206.88,206.88,14.0000-14.2500,14.2,14.72
05/07/2019,GHGGOG056144,182D,87.06,87.06,14.0000-14.1500,14.1,15.17
19/07/2019,GHGGOG056367,91D,524.66,524.66,14.0000-14.2500,14.2,14.73
19/07/2019,GHGGOG056375,182D,264.32,264.32,14.0000-14.1500,14.1,15.17
26/07/2019,GHGGOG056482,91D,518.64,518.64,14.0000-14.2500,14.2,14.72
26/07/2019,GHGGOG056490,182D,183.55,183.55,14.0000-14.1500,14.1,15.17
26/07/2019,GHGGOG056508,364D,44.74,44.74,15.0000-15.2000,15.18,17.9
02/08/2019,GHGGOG056565,91D,310.81,310.81,14.0000-14.2500,14.21,14.73
02/08/2019,GHGGOG056573,182D,106.25,106.25,14.0000-14.1500,14.1,15.17
09/08/2019,GHGGOG056631,91D,572.22,572.22,14.0000-14.2500,14.21,14.73
09/08/2019,GHGGOG056649,182D,76.46,52.13,14.0000-14.1500,14.1,15.17
09/08/2019,GHGGOG056656,364D,410.18,410.18,15.0000-15.2000,15.19,17.91
16/08/2019,GHGGOG056706,91D,378.36,374.36,14.0000-14.2500,14.19,14.72
16/08/2019,GHGGOG056714,182D,84.67,84.67,14.0000-14.1000,14.08,15.14
16/08/2019,GHGGOG056722,364D,364.46,364.46,15.0000-15.2000,15.2,17.92
18/12/2020,GHGGOG056763,20 YR ,176.47,176.47,,,20.2
30/08/2019,GHGGOG056821,91D,348.59,348.59,14.0000-14.2000,14.16,14.68
30/08/2019,GHGGOG056847,182D,118.6,118.6,14.0000-14.1000,14.07,15.14
06/09/2019,GHGGOG056888,91D,873.87,873.87,14.0000-14.2000,14.16,14.68
06/09/2019,GHGGOG056896,182D,66.4,66.4,14.0000-14.1000,14.06,15.12
06/09/2019,GHGGOG056904,364D,84.03,84.03,15.0000-15.2000,15.19,17.91
13/09/2019,GHGGOG056938,91D,630.74,630.74,14.0000-14.2000,14.18,14.7
13/09/2019,GHGGOG056946,182D,85.69,85.69,14.0000-14.1000,14.07,15.14
20/09/2019,GHGGOG057001,91D,597.86,597.86,14.0000-14.2000,14.16,14.68
20/09/2019,GHGGOG057001,91D,597.86,597.86,14.0000-14.2000,14.16,14.68
20/09/2019,GHGGOG057019,182D,120.09,120.09,14.0000-14.1000,14.08,15.14
20/09/2019,GHGGOG057027,364D,93.34,93.34,15.0000-15.2000,15.19,17.91
20/09/2019,GHGGOG057027,364D,93.34,93.34,15.0000-15.2000,15.19,17.91
27/09/2019,GHGGOG057050,2 YR,341,341,19,,19
27/09/2019,GHGGOG057068,91D,428.18,428.18,14.0000-14.2000,14.17,14.69
27/09/2019,GHGGOG057076,182D,103.66,103.66,14.0000-14.1000,14.08,15.15
27/09/2019,GHGGOG057084,364D,37.31,37.31,15.0000-15.2000,15.19,17.91
04/10/2019,GHGGOG057118,91D,251.14,251.14,14.0000-14.2000,14.16,14.68
04/10/2019,GHGGOG057126,182D,84.72,84.72,14.0000-14.1000,14.08,15.15
04/10/2019,GHGGOG057134,364D,68.25,68.25,15.0000-15.2542,15.19,17.91
11/10/2019,GHGGOG057167,91D,563.8,563.8,14.0000-14.2000,14.17,14.69
11/10/2019,GHGGOG057175,182D,36.96,36.96,14.0000-14.1000,14.07,15.14
18/10/2019,GHGGOG057225,91D,607.69,528.39,14.0000-14.5000,14.17,14.69
18/10/2019,GHGGOG057233,182D,69.45,69.45,14.0000-14.1000,14.06,15.12
18/10/2019,GHGGOG057241,364D,69.43,69.43,15.0000-15.2000,15.19,17.9
25/10/2019,GHGGOG057332,91D,670.44,670.44,14.0000-14.2000,14.17,14.69
25/10/2019,GHGGOG057340,182D,145.63,145.63,14.0000-14.1000,14.07,15.14
01/11/2019,GHGGOG057381,91D,402.19,402.19,14.0000-14.2000,14.17,14.69
02/11/2019,GHGGOG057399,182D,116.08,116.08,14.0000-14.1000,14.07,15.13
08/11/2019,GHGGOG057449,2 YR,615.86,615.86,19.0000-19.5000,,19.5
08/11/2019,GHGGOG057456,91D,608.56,608.56,13.9100-14.2000,14.17,14.69
08/11/2019,GHGGOG057464,182D,88.74,88.74,13.8100-14.1000,14.07,15.13
08/11/2019,GHGGOG057472,364D,216.74,216.74,14.9300-15.2000,15.2,17.92
15/11/2019,GHGGOG057548,91D,503.03,503.03,13.9200-14.2000,14.17,14.69
15/11/2019,GHGGOG057555,182D,76.38,76.38,13.8200-14.1000,14.07,15.14
15/11/2019,GHGGOG057563,364D,72.21,70.21,14.9400-15.2500,15.19,17.91
22/11/2019,GHGGOG057621,91D,664.87,664.87,14.0000-14.2000,14.18,14.7
22/11/2019,GHGGOG057639,182D,202.69,202.69,14.0000-14.1000,14.07,15.14
29/11/2019,GHGGOG057720,91D,372.48,372.48,14.0000-14.2000,14.16,14.68
29/11/2019,GHGGOG057738,182D,72.93,72.93,14.0000-14.1000,14.08,15.14
29/11/2019,GHGGOG057746,364D,170.45,170.45,15.0000-15.2000,15.13,17.83
05/12/2019,GHGGOG057787,91D,901.9,901.9,14.0000-14.2000,14.17,14.69
05/12/2019,GHGGOG057795,182D,59.18,59.18,14.0000-14.1000,14.08,15.15
05/12/2019,GHGGOG057803,2 YR,591.03,591.03,20.2500-20.9500,,20.95
05/12/2019,GHGGOG057852,91D,655.9,655.9,14.0000-14.2000,14.18,14.7
05/12/2019,GHGGOG057860,182D,101.83,101.83,14.0000-14.2000,14.08,15.15
05/12/2019,GHGGOG057878,364D,26.76,23.15,15.0000-15.3000,15.18,17.9
20/12/2019,GHGGOG057977,91D,606.81,606.81,14.0000-14.2000,14.18,14.7
20/12/2019,GHGGOG057985,182D,130.27,130.27,14.0000-14.2000,14.09,15.16
20/12/2019,GHGGOG057993,364D,324.51,324.51,15.0000-15.2000,15.18,17.9
27/12/2019,GHGGOG058066,91D,427.65,423.92,14.0000-14.2500,14.18,14.7
27/12/2019,GHGGOG058074,182D,222.07,218.47,14.0000-14.2500,14.08,15.15
03/01/2020,GHGGOG058181,91D,351.31,351.31,14.0000-14.2000,14.15,14.67
03/01/2020,GHGGOG058199,182D,100.94,100.94,14.0000-14.1500,14.1,15.17
03/01/2020,GHGGOG058207,364D,47.66,47.66,15.0000-15.2000,15.14,17.83
10/01/2020,GHGGOG058264,91D,643.79,643.79,14.0000-14.2000,14.17,14.69
10/01/2020,GHGGOG058272,182D,77,77,14.0000-14.1500,14.1,15.17
17/01/2020,GHGGOG058330,3 YR,"1,447.39","1,447.39",20.3000-20.7500,,20.75
17/01/2020,GHGGOG058363,91D,584.97,584.97,14.0000-14.2000,14.18,14.7
17/01/2020,GHGGOG058371,182D,283.03,283.03,14.0000-14.1500,14.1,15.17
24/01/2020,GHGGOG058470,91D,708.87,708.87,14.0000-14.2000,14.17,14.69
24/01/2020,GHGGOG058488,182D,195.47,195.47,14.0000-14.1500,14.08,15.15
24/01/2020,GHGGOG058496,364D,25.14,21.14,15.0000-15.3800,15.17,17.88
31/01/2020,GHGGOG058611,91D,465.74,465.74,14.0000-14.2000,14.17,14.69
31/01/2020,GHGGOG058637,364D,382.72,382.72,15.0000-15.2000,15.12,17.81
31/01/2020,GHGGOG058645,182D,111.66,111.66,14.0000-14.1500,14.08,15.14
07/02/2020,GHGGOG058744,91D,786.78,786.78,14.0000-14.2000,14.18,14.7
07/02/2020,GHGGOG058751,182D,74.34,74.34,14.0000-14.1500,14.11,15.18
14/02/2020,GHGGOG058835,2 YR,484.73,484.73,19.8000-20.2000,,20.2
14/02/2020,GHGGOG058876,91D,476.99,476.99,14.0000-14.2000,14.18,14.7
14/02/2020,GHGGOG058884,182D,93.75,93.75,14.0000-14.1500,14.11,15.18
14/02/2020,GHGGOG058892,364D,17.93,10.69,15.0000-15.2500,15.12,17.81
14/02/2020,GHGGOG058892,364D,17.93,10.69,15.0000-15.2500,15.12,17.81
21/02/2020,GHGGOG058975,91D,675.53,675.53,14.0000-14.3225,14.23,14.75
21/02/2020,GHGGOG058983,182D,68.1,68.1,14.0000-14.1500,14.1,15.17
28/02/2020,GHGGOG059031,91D,388.93,388.93,14.0000-14.3000,14.21,14.73
28/02/2020,GHGGOG059049,182D,91.32,91.32,14.0000-14.1500,14.1,15.17
28/02/2020,GHGGOG059056,364D,129.15,129.15,15.0000-15.2500,15.05,17.71
05/03/2020,GHGGOG059114,3 YR,"1,073.81","1,073.81",20.5000-20.7500,,20.75
05/03/2020,GHGGOG059122,91D,785.56,785.56,14.0000-14.3000,14.23,14.75
05/03/2020,GHGGOG059130,182D,76.33,76.33,14.0000-14.1500,14.12,15.19
05/03/2020,GHGGOG059148,364D,57.86,56.93,15.0000-15.2500,15.1,17.79
13/03/2020,GHGGOG059171,91D,705.8,705.8,14.0000-14.3000,14.23,14.76
13/03/2020,GHGGOG059189,182D,103.57,103.57,14.0000-14.1500,14.11,15.18
13/03/2020,GHGGOG059197,364D,80.31,80.31,15.0000-15.2000,15.11,17.8
20/03/2020,GHGGOG059262,5 YR,458.53,458.53,21.3000-21.7000,,21.7
20/03/2020,GHGGOG059288,91D,592.76,592.76,14.0000-14.3000,14.23,14.75
20/03/2020,GHGGOG059296,182D,90.07,90.07,14.0000-14.1500,14.11,15.18
27/03/2021,GHGGOG059346,91D,581.98,498.32,14.0000-14.3000,14.12,14.64
27/03/2021,GHGGOG059353,182D,104.29,64.38,14.0000-14.1000,14.08,15.15
27/03/2021,GHGGOG059361,364D,220.23,180.68,15.0000-15.2000,15,17.65
03/04/2020,GHGGOG059403,91D,397.31,365.83,12.7000-14.2000,13.94,14.44
03/04/2020,GHGGOG059411,182D,123.91,122.35,12.7500-14.1000,13.91,14.95
09/04/2020,GHGGOG059452,91D,"1,023.75","1,023.75",12.9300-14.1000 ,13.42,13.88
09/04/2020,GHGGOG059460,182D,136.41,136.41,12.9100-14.0500 ,13.19,14.13
09/04/2020,GHGGOG059478 ,364D,474.94,474.94,14.0000-15.0000 ,14.37,16.79
17/04/2020,GHGGOG059494,3 YR,849.24,849.24,19,,19
17/04/2020,GHGGOG059502,91D,687.98,492.38,12.9300-14.1000,13.39,13.86
17/04/2020,GHGGOG059510,182D,69.29,17.16,12.9100-14.0500,13.07,13.99
24/04/2020,GHGGOG059569,91D,833.2,821.48,12.9300-13.9500,13.55,14.03
24/04/2020,GHGGOG059577,182D,172.73,172.73,12.9100-13.4000,13.11,14.03
24/04/2020,GHGGOG059585,364D,140.64,140.64,14.0000-15.0000,14.34,16.74
30/04/2020,GHGGOG059635 ,91D,484.01,484.01,12.9300-13.8000 ,13.46,13.92
30/04/2020,GHGGOG059643 ,182D,139.38,139.38,12.9100-13.3000 ,13.09,14.01
08/05/2020,GHGGOG059676,2 YR,668.76,668.76,18.0000-18.7500,,18.75
08/05/2020,GHGGOG059692,182D,116.64,116.64,12.9100-13.3000,13.1,14.02
08/05/2020,GHGGOG059700,364D,34.13,18.19,14.0000-15.0000,14.35,16.75
08/05/2020,GHGGOG059718,91D,699.05,699.05,12.9300-13.8000,13.48,13.95
15/05/2020,GHGGOG059791,91D,531.39,531.39,13.5436-14.2395,13.41,13.87
15/05/2020,GHGGOG059809,182D,85.25,85.25,13.9037-14.2475,13.09,14
15/05/2020,GHGGOG059817,364D,36.3,36.3,16.4144-16.9591,14.31,16.7
22/05/2020,GHGGOG059874,91D,854.19,854.19,13.1000-13.7000,13.58,14.06
22/05/2020,GHGGOG059882,182D,217.03,217.03,13.0000-13.3000,13.13,14.05
29/05/2020,GHGGOG059890,3 YR,751.33,751.33,18.5000-18.8500,,18.85
29/05/2020,GHGGOG059957,91D,465.36,465.36,13.1000-13.7000,13.55,14.02
29/05/2020,GHGGOG059965,182D,80.14,80.14,13.0000-13.3000,13.15,14.07
29/05/2020,GHGGOG059973,364D,30.27,30.27,14.1000-14.5000,14.44,16.88
05/06/2020,GHGGOG060021,91D,848.46,844.46,13.1000-13.7500,13.48,13.95
05/06/2020,GHGGOG060039,182D,76.77,76.77,13.0000-13.3000,13.13,14.06
12/06/2020,GHGGOG060088,91D,784.24,784.24,13.1000-13.7000,13.46,13.93
12/06/2020,GHGGOG060096,182D,113.99,113.99,13.0000-13.3000,13.12,14.04
12/06/2020,GHGGOG060104,364D,295.48,295.48,14.1000-14.5000,14.42,16.85
19/06/2020,GHGGOG060146,91D,836,786.1,13.1000-13.7000,13.53,14.01
19/06/2020,GHGGOG060153,182D,140.62,140.62,13.0000-13.3000,13.13,14.06
26/06/2020,GHGGOG060195,5 YR,"1,458.63","1,458.63",,,19.25
26/06/2020,GHGGOG060203,91D,607.95,607.95,13.5436-14.1400,13.48,13.95
26/06/2020,GHGGOG060211,182D,86.85,86.85,13.9037-14.2475,13.1,14.01
26/06/2020,GHGGOG060229,364D,337.68,337.68,16.4144-16.9591,14.45,16.89
03/07/2020,GHGGOG060294,91D,438.41,433.75,13.1000-13.6800,13.5,13.97
03/07/2020,GHGGOG060302,182D,107.84,100.41,13.0000-13.2800,13.16,14.09
10/07/2020,GHGGOG060377,91D,709.62,709.62,13.1000-13.6500,13.52,13.99
10/07/2020,GHGGOG060385,182D,99.29,99.29,12.9100-13.2500,13.1,14.02
10/07/2020,GHGGOG060393,364D,124.27,124.27,14.1000-14.5000,14.47,16.92
17/07/2020,GHGGOG060427,6 YR,358.55,358.55,19.5,,19.5
17/07/2020,GHGGOG060435,91D,621.44,621.44,13.1000-13.6500,13.41,13.87
17/07/2020,GHGGOG060443,182D,110.24,110.24,13.0000-13.2500,13.13,14.06
24/07/2020,GHGGOG060484,91D,818.86,818.86,13.1000-13.6500,13.5,13.97
24/07/2020,GHGGOG060492,182D,194.81,194.81,13.0000-13.2500,13.13,14.05
24/07/2020,GHGGOG060500,364D,49.75,49.75,14.1000-14.5000,14.4,16.82
30/07/2020,GHGGOG060567,91D,544.76,544.76,13.4000-13.6500,13.52,13.99
30/07/2020,GHGGOG060575,182D,122.5,122.5,13.0000-13.2500,13.13,14.05
07/08/2020,GHGGOG060609,91D,674.09,674.09,13.4000-13.6500,13.51,13.99
07/08/2020,GHGGOG060617,182D,81.05,81.05,13.0000-13.2500,13.15,14.08
07/08/2020,GHGGOG060625,364D,163.73,163.73,14.1000-14.6000,14.49,16.94
14/08/2020,GHGGOG060674,7 YR,590.33,590.33,19.7500-20.0000,,20
14/08/2020,GHGGOG060690,91D,626.43,626.43,13.4000-13.6500,13.53,14
14/08/2020,GHGGOG060708,182D,125.45,125.45,13.1000-13.2500,13.18,14.11
14/08/2020,GHGGOG060716,364D,50.79,50.79,14.1000-14.5299,14.41,16.83
21/08/2020,GHGGOG060765,91D,734.6,734.6,13.5000-13.6500,13.56,14.04
21/08/2020,GHGGOG060773,182D,72.71,72.71,13.1000-13.2500,13.18,14.11
28/08/2020,GHGGOG060849,2 YR,866.94,866.94,18.0000-18.2500,,18.25
28/08/2020,GHGGOG060880,91D,699.06,699.06,13.5000-13.6500,13.58,14.06
28/08/2020,GHGGOG060898,182D,107.88,107.88,13.1000-13.2500,13.15,14.08
04/09/2020,GHGGOG060963,91D,900.65,900.65,13.9715-14.1323,13.54,14.02
04/09/2020,GHGGOG060971,182D,70.93,70.93,14.0182-14.1901,13.18,14.11
04/09/2020,GHGGOG060989,364D,54.99,54.99,16.6861-16.9591,14.47,16.91
11/09/2020,GHGGOG061045,91D,755.77,755.77,13.4000-13.6500,13.55,14.02
11/09/2020,GHGGOG061052,182D,104.63,104.63,13.1000-13.2500,13.16,14.09
18/09/2020,GHGGOG061151,3 YR,823.64,823.64,19,,19
18/09/2020,GHGGOG061185,91D,627.81,627.81,13.4000-13.6500,13.53,14.01
18/09/2020,GHGGOG061193,182D,103.05,101.61,13.1000-14.2412,13.19,14.12
18/09/2020,GHGGOG061201,364D,244.39,244.39,14.3000-14.6000,14.52,16.99
25/09/2020,GHGGOG061227,91D,730.7,730.7,13.5000-13.6500,13.56,14.04
25/09/2020,GHGGOG061235,182D,95.32,95.32,13.1000-13.2500,13.21,14.15
02/10/2020,GHGGOG061276,2 YR,"1,525.03","1,525.03",18.3000-18.5000,,18.5
02/10/2020,GHGGOG061359,91D,495.37,495.37,13.5000-13.6500,13.57,14.05
02/10/2020,GHGGOG061367,182D,104.22,104.22,13.1000-13.2500,13.21,14.14
02/10/2020,GHGGOG061375,364D,231.62,221.62,14.3000-14.6500,14.52,16.98
09/10/2020,GHGGOG061417,91D,854.1,854.1,13.5000-13.6500,13.58,14.05
09/10/2020,GHGGOG061425,182D,65.24,65.24,13.1000-13.2500,13.18,14.11
16/10/2020,GHGGOG061466,5 YR,616.3,616.3,19.6500-19.8500,,19.85
16/10/2020,GHGGOG061482,91D,619.54,619.54,13.5000-13.6500,13.56,14.04
16/10/2020,GHGGOG061490,182D,55.63,55.63,13.1000-13.2500,13.16,14.09
16/10/2020,GHGGOG061508,364D,144.45,118.73,14.3500-14.6000,14.53,17
23/10/2020,GHGGOG061557,91D,870.23,870.23,13.9715-14.1323,13.58,14.06
23/10/2020,GHGGOG061565,182D,203.16,203.16,14.0182-14.1901,13.19,14.12
30/10/2020,GHGGOG061599,91D,585.21,585.21,13.9715-14.1323,13.58,14.06
30/10/2020,GHGGOG061607,182D,133.69,133.69,14.0182-14.1901,13.17,14.1
30/10/2020,GHGGOG061615,364D,119.16,119.16,16.7542-17.0960,14.51,16.97
06/11/2020,GHGGOG061649,2 YR,768.08,768.08,18.2500-18.5000,,18.5
06/11/2020,GHGGOG061656,91D,745.05,745.05,13.5000-13.6500,13.59,14.06
06/11/2020,GHGGOG061664,182D,142.78,142.78,13.1000-13.2500,13.2,14.13
06/11/2020,GHGGOG061672,364D,268.09,268.09,14.4000-14.6000,14.51,16.97
13/11/2020,GHGGOG061714,7 YR,"1,027.43","1,027.43",20.3000-20.5000,,20.5
13/11/2020,GHGGOG061763,91D,"1,034.69","1,034.69",13.8645-14.1323,13.53,14.01
13/11/2020,GHGGOG061771,182D,98.53,98.53,14.0182-14.1901,13.18,14.11
20/11/2020,GHGGOG061821,91D,674.62,674.62,13.4000-13.6500,13.59,14.06
20/11/2020,GHGGOG061839,182D,99.09,99.09,13.1000-13.2500,13.2,14.13
27/11/2020,GHGGOG061870,3 YR,650.16,650.16,19.0000-19.2500,,19.25
27/11/2020,GHGGOG061912,91D,622.89,622.89,13.5000-13.6500,13.6,14.07
27/11/2020,GHGGOG061920,182D,96.22,96.22,13.1500-13.2500,13.2,14.14
27/11/2020,GHGGOG061938,364D,196.2,196.2,14.3500-14.6000,14.51,16.97
04/12/2020,GHGGOG061953,2 YR,371.72,371.72,18.0000-18.5000,,18.5
04/12/2020,GHGGOG061987,91D,"1,083.44","1,083.44",13.5500-13.6500,13.59,14.07
04/12/2020,GHGGOG061995,182D,95.96,95.96,13.1000-13.2500,13.19,14.13
11/12/2020,GHGGOG062035,91D,880.29,880.29,13.5500-13.6500,13.6,14.08
11/12/2020,GHGGOG062043,182D,123.87,123.87,13.1000-13.2500,13.18,14.11
11/12/2020,GHGGOG062050,364D,62.38,62.38,14.3500-14.6000,14.52,16.99
18/12/2020,GHGGOG062084 ,3 YR,"1,663.18","1,663.18",18.7500-19.2500,,19.25
18/12/2020,GHGGOG062092,91D,759.89,759.89,13.5500-13.6500,13.61,14.09
18/12/2020,GHGGOG062100,182D,154.93,154.93,13.1000-13.2500,13.2,14.13
18/12/2020,GHGGOG062118,364D,56.93,56.93,14.4000-14.6000,14.53,17
24/12/2020,GHGGOG062142,91D,805.39,805.39,13.5500-13.6500,13.61,14.09
24/12/2020,GHGGOG062159,182D,96.35,96.35,13.1000-13.2500,13.19,14.12
31/12/2020,GHGGOG062183,2 YR,"1,029.86","1,029.86",18.5,,18.5
31/12/2020,GHGGOG062191,91D,510.1,510.1,13.6000-13.6500,13.62,14.1
31/12/2020,GHGGOG062209,182D,112.34,112.34,13.2000-13.2500,13.21,14.15
31/12/2020,GHGGOG062217,364D,116.74,116.74,14.0155-14.6000,14.5,16.96
08/01/2021,GHGGOG062290,91D,951.28,951.28,14.0251-14.1323,13.61,14.09
08/01/2021,GHGGOG062308,182D,122.19,122.19,14.1328-14.1901,13.21,14.14
15/01/2021,GHGGOG062332,91D,864.67,864.67,13.6000-13.6500,13.61,14.09
15/01/2021,GHGGOG062340,182D,124.21,124.21,13.2000-13.2500,13.21,14.14
22/01/2021,GHGGOG062373,6 YR,"2,883.74","2,883.74",18.7500-19.2500,,19.25
22/01/2021,GHGGOG062399,91D,"1,049.12",755.82,13.6000-13.6500,13.6,14.08
22/01/2021,GHGGOG062407,182D,215.44,156.68,13.2000-13.2500,13.2,14.13
22/01/2021,GHGGOG062415,364D,355.11,338.69,14.4500-14.6000,14.5,16.96
29/01/2021,GHGGOG062449,91D,"1,096.39",431.15,13.5500-13.6400,13.58,14.06
29/01/2021,GHGGOG062456,182D,193.31,193.31,13.0000-13.2000,13.17,14.09
29/01/2021,GHGGOG062464,364D,603.25,596.65,14.4500-14.5500,14.5,16.96
05/02/2021,GHGGOG062506,91D,"1,564.64",962.95,13.0000-14.0000,13.36,13.82
05/02/2021,GHGGOG062514,182D,114.77,113.82,13.0000-13.2000,13.09,14.01
12/02/2021,GHGGOG062555,91D,"1,103.15","1,103.15",12.0000-13.4000,12.81,13.23
12/02/2021,GHGGOG062563,182D,121.8,121.68,12.9500-13.1889,13.05,13.96
12/02/2021,GHGGOG062571,364D,102.25,102.25,13.7900-14.5000,14.43,16.86
19/02/2021,GHGGOG062613,2 YR,"3,696.36","3,000.00",17.4500-17.8500,,17.6
19/02/2021,GHGGOG062621,91D,"1,197.92",666.93,12.5000-13.3865,12.7,13.11
19/02/2021,GHGGOG062639,182D,100.66,100.56,12.7500-13.1016,13.04,13.95
26/02/2021,GHGGOG062688,91D,"1,168.58","1,013.90",12.5000-13.1000,12.84,13.27
26/02/2021,GHGGOG062696,182D,124.38,124.38,12.7500-13.1889,12.99,13.89
26/02/2021,GHGGOG062704,364D,235.26,235.26,13.7900-14.5000,14.38,16.8
05/03/2021,GHGGOG062738,5 YR,"1,770.37","1,770.37",18.0000-18.3000,,18.3
05/03/2021,GHGGOG062746,91D,"1,153.41","1,145.02",12.5000-12.8720,12.64,13.05
05/03/2021,GHGGOG062753,182D,99.78,90.31,12.7500-13.0841,12.96,13.86
05/03/2021,GHGGOG062761,364D,95.82,95.82,13.7900-14.5000,14.35,16.76
12/03/2021,GHGGOG062803,91D,984.53,714.98,12.5000-12.8000,12.59,13
12/03/2021,GHGGOG062811,182D,681.19,674.25,12.7000-13.0000,12.95,13.85
12/03/2021,GHGGOG062829,364D,136.86,95.02,13.7900-14.5000,14.29,16.67
19/03/2021,GHGGOG062860,3 YR,"1,610.11","1,610.11",17.5000-17.7000,,17.7
19/03/2021,GHGGOG062886,91D,983.72,983.72,12.4000-12.6000,12.49,12.9
19/03/2021,GHGGOG062894,182D,135.42,135.42,12.7000-12.9000,12.78,13.66
26/03/2021,GHGGOG062936,91D,743.81,743.81,12.3000-12.5300,12.47,12.87
26/03/2021,GHGGOG062944,182D,673.6,673.6,12.5000-12.9000,12.78,13.65
26/03/2021,GHGGOG062951,364D,264.79,264.79,13.7900-14.3500,14.22,16.57
01/04/2021,GHGGOG062985,91D,979.18,979.18,12.3000-12.5000,12.45,12.85
01/04/2021,GHGGOG062993,182D,116.74,116.74,12.5000-12.8400,12.75,13.62
09/04/2021,GHGGOG063025,91D,850.66,850.66,12.3000-12.5000,12.41,12.81
09/04/2021,GHGGOG063033,182D,153.66,153.45,12.5000-12.8305,12.74,13.61
09/04/2021,GHGGOG063041,364D,166.56,166.56,13.7900-14.3322,14.12,16.45
16/04/2021,GHGGOG063082,91D,812.13,812.13,12.3000-12.5000,12.4,12.79
16/04/2021,GHGGOG063090,182D,74.34,74.34,12.5000-12.8000,12.68,13.53
23/04/2021,GHGGOG063132,91D,781.26,781.26,12.3000-12.5000,12.39,12.78
23/04/2021,GHGGOG063140,182D,222.11,222.11,12.5000-12.8000,12.71,13.58
23/04/2021,GHGGOG063157,364D,785.92,756.78,13.7900-14.3836,14.18,16.53
30/04/2021,GHGGOG063181,91D,416.67,416.67,12.3000-12.5000,12.44,12.84
30/04/2021,GHGGOG063199,182D,156.55,156.55,12.5000-12.8000,12.67,13.53
07/05/2021,GHGGOG063231 ,91D,789.13,789.13,12.3000-12.5000,12.39,12.79
07/05/2021,GHGGOG063249,182D,124.12,124.12,12.5000-12.8000,12.71,13.57
14/05/2021,GHGGOG063272,91D,"1,038.24",953.19,12.3000-12.5000,12.39,12.79
14/05/2021,GHGGOG063280,182D,176.32,168.49,12.5000-12.8000,12.69,13.55
14/05/2021,GHGGOG063298,364D,104.58,104.58,13.7900-14.3000,14.1,16.42
21/05/2021,GHGGOG063355,91D,476.45,476.45,12.3000-12.4500,12.36,12.76
21/05/2021,GHGGOG063363,182D,152.12,152.12,12.5000-12.7500,12.68,13.54
28/05/2021,GHGGOG063397,91D,"1,500.59","1,468.33",12.3000-12.4500,12.23,12.78
28/05/2021,GHGGOG063405,182D,102.24,99.85,12.5000-12.8000,12.65,13.51
28/05/2021,GHGGOG063413,364D,249.84,249.38,13.7900-14.2500,14.15,16.49
04/06/2021,GHGGOG063454,91D,"1,142.33","1,142.33",12.4774-12.7967,12.31,12.71
04/06/2021,GHGGOG063462,182D,99.43,99.43,13.1060-13.5611,12.58,13.43
11/06/2021,GHGGOG063496,91D,664.1,664.1,12.1000-13.5000,12.25,12.64
11/06/2021,GHGGOG063504,182D,141.63,136.63,12.3000-12.7000,12.58,13.42
11/06/2021,GHGGOG063512,364D,539.67,539.67,13.7900-14.2367,14.04,16.34
18/06/2021,GHGGOG063579,91D,"1,048.93","1,048.93",12.1000-13.5000,12.24,12.63
18/06/2021,GHGGOG063587,182D,175.39,175.39,12.3000-12.6500,12.55,13.39
18/06/2021,GHGGOG063546,7 YR,"1,859.79","1,859.79",17.8000-18.1000,,18.1
25/06/2021,GHGGOG063645,91D,739.6,576.99,12.5838-12.6796,12.24,12.62
25/06/2021,GHGGOG063652,182D,184.42,184.42,12.4000-12.6500,12.54,13.38
25/06/2021,GHGGOG063660,364D,601.15,"53,552.00",13.7900-14.1999,14.04,16.33
02/07/2021,GHGGOG063710,91D,603.4,603.4,12.1000-12.2500,12.2,12.59
02/07/2021,GHGGOG063728,182D,132.18,132.18,12.2000-12.6500,12.54,13.38
09/07/2021,GHGGOG063769,91D,"1,276.70","1,276.70",12.1000-12.2500,12.18,12.56
09/07/2021,GHGGOG063777,182D,124.13,124.13,12.4000-12.6500,12.53,13.37
09/07/2021,GHGGOG063785,364D,149.46,125.6,13.7900-14.1778,14.03,16.32
16/07/2021,GHGGOG063843,91D,745.99,745.99,12.1000-12.2500,12.18,12.56
16/07/2021,GHGGOG063850,182D,150.68,150.68,12.4000-12.6200,12.52,13.36
16/07/2021,GHGGOG063835,10 YR,820.59,820.59,19.4000-19.7500,,19.75
23/07/2021,GHGGOG063892,91D,827.86,827.86,12.1000-12.2500,12.18,12.5625
23/07/2021,GHGGOG063900,182D,184.14,184.14,12.4000-12.6025,12.5265,13.3634
23/07/2021,GHGGOG063918,364D,844.3,844.29,13.7900-14.1631,14.0881,16.3983
30/07/2021,GHGGOG063991,91D,475.08,267.32,12.1000-12.2500,12.1667,12.5483
30/07/2021,GHGGOG063967,182D,211.38,211.38,12.4000-12.6000,12.5329,13.3708
30/07/2021,GHGGOG063942,2 YR,1530.21,1530.21,16.7000-17.2500,,17.25
06/08/2021,GHGGOG063991,91D,1127.38,1049.76,12.1000-12.2000,12.1414,12.5215
06/08/2021,GHGGOG064007,182D,124.51,55.23,12.4000-12.6000,12.4763,13.3064
06/08/2021,GHGGOG064015,364D,403.07,18255.23,13.7900-14.1500,14.0085,16.2879
13/08/2021,GHGGOG064080,91D,985.74,985.74,11.7447-12.1500,12.0931,12.4702
13/08/2021,GHGGOG064098,182D,172.12,172.12,12.2947-12.5000,12.4316,13.255
13/08/2021,GHGGOG064106,364D,158.69,158.69,13.7000-14.0200,13.8773,16.1134
20/08/2021,GHGGOG064148,91D,533.86,533.86,12.0000-12.1500,12.049,12.4232
20/08/2021,GHGGOG064155,182D,108.77,108.77,12.2000-12.5000,12.3893,13.2075
27/08/2021,GHGGOG064197,91D,1052.21,1051.31,12.0000-12.2000,12.0857,12.4622
27/08/2021,GHGGOG064205,182D,156.49,156.49,12.2000-12.5000,12.4038,13.2239
03/09/2021,GHGGOG064262,91D,1144.98,1144.98,12.0000-12.1500,12.0741,12.4499
03/09/2021,GHGGOG064270,182D,109.16,64.66,12.0000-12.5000,12.3785,13.1952
03/09/2021,GHGGOG064288,364D,353.62,312.88,13.7900-14.1000,13.867,16.0995
10/09/2021,GHGGOG064320,91D,551.76,551.76,12.0000-12.2500,12.0751,12.4509
10/09/2021,GHGGOG064338,182D,707.13,701.86,12.2000-12.4000,12.3933,13.212
10/09/2021,GHGOG064312,6 YR,1244.07,1244.07,,,18.8