Date/tenure,19s,20s,21s,22s,23s,24s,ESLA 24,25s,26s,27s,ESLA 27,28s,29s,ESLA 29,ESLA 31,31s,32s,33s,34s,39s,Total volumes traded,,,,,,,,,,,,,,,,,,,,,,
01/03/2019,5361646,5361646,5361646,5361646,5361646,5361646,5361646,5361646,5361646,5361646,5361646,5361646,5361646,5361646,5361646,,5361646,,5361646,5361646,170160481,,,,,,,,,,,,,,,,,,,,,,"223,013,488.00"
04/03/2019,52684,6469469,7966947,640848,1000000,0,2000000,16000000,3000000,,48012,1000000,0,,0,,0,,,,38177960,,,,,,,,,,,,,,,,,,,,,,
05/03/2019,1081789,8820245,27265924,0,525000,0,165000,13000000,4000000,,5000000,5000000,0,,0,,0,,,,64857958,,,,,,,,,,,,,,,,,,,,,,
07/03/2019,245989,23918686,1529368,193358,17000000,12129,10000000,1000000,5000000,,8000000,250000,0,,0,,0,,,,67149530,,,,,,,,,,,,,,,,,,,,,,
08/03/2019,28404409,11704567,15794339,10040000,1000000,25000000,2000000,20829,8000000,,10000000,0,0,,0,,0,,,,111964144,,,,,,,,,,,,,,,,,,,,,,
11/03/2019,3749305,24380502,10302330,323480,5000000,10000000,3000000,2000000,20000000,,97502,0,0,,0,,0,,,,78853119,,,,,,,,,,,,,,,,,,,,,,
12/03/2019,41356751,135712899,60540269,0,6000000,4000000,23000000,12000000,10000000,,204646,2000000,0,,0,,0,,,,294814565,,,,,,,,,,,,,,,,,,,,,,
13/03/2019,27121000,89428283,7175637,36926500,500000,12000000,5000000,37000000,22000000,,2000000,118000000,0,,0,,,,,,357151420,,,,,,,,,,,,,,,,,,,,,,
14/03/2019,29752245,39785582,11243651,52334498,25000000,10420400,0,36263220,16700000,,192867,5050000,0,,0,,0,,,,226742463,,,,,,,,,,,,,,,,,,,,,,
15/03/2019,54431260,33291289,28319930,8566504,0,3500000,3935028,24707000,27620658,,0,5000000,0,,0,,0,,,,189371669,,,,,,,,,,,,,,,,,,,,,,
18/03/2019,40947247,24001866,14625323,76000000,0,46557,10000000,415520,5000000,,124204,53260,0,,0,,0,,,,171213977,,,,,,,,,,,,,,,,,,,,,,
19/03/2019,11522881,15185214,10231757,6000000,2000000,4000000,13000000,8000000,10000000,,5000000,0,0,,0,,0,,,,84939852,,,,,,,,,,,,,,,,,,,,,,
20/03/2019,61405588,18509230,82691468,12000000,7000000,4000000,2000000,18222573,9000000,,4000000,178022,0,,0,,,,,,219006881,,,,,,,,,,,,,,,,,,,,,,
21/03/2019,41880326,22979431,74351092,14543000,6500000,9000000,10401037,30514676,16000000,,5443989,5000000,0,,0,,0,,,,236613551,,,,,,,,,,,,,,,,,,,,,,
22/03/2019,46249033,29081383,27019891,12000000,0,9000000,9000000,19632900,32000000,,0,6000000,0,,0,,0,,,,189983207,,,,,,,,,,,,,,,,,,,,,,
25/03/2019,23006034,34610000,42445178,19090300,11000000,3000000,7000000,16000000,37000000,,30987,6000000,0,,0,,0,,,,199182499,,,,,,,,,,,,,,,,,,,,,,
26/03/2019,48053936,30593020,39000000,25500000,14000000,24000000,4000000,11000000,33000000,,0,6000000,0,,0,,0,,,,235146956,,,,,,,,,,,,,,,,,,,,,,
27/03/2019,52631316,17445209,56086454,39000000,5000000,20000000,671200,19000000,29000000,,255915,82000,0,,0,,0,,,,239172094,,,,,,,,,,,,,,,,,,,,,,
28/03/2019,51040686,59262806,28191668,34926000,8000000,19000000,6000000,21000000,25000000,,5000000,0,0,,0,,0,,,,257421160,,,,,,,,,,,,,,,,,,,,,,
29/03/2019,11070000,26879321,22309993,13288000,6000000,19000000,8000000,37480000,45000000,,5000000,0,0,,0,,0,,,,194027314,,,,,,,,,,,,,,,,,,,,,,
01/04/2019,5129170,31250000,17438705,16010127,11000000,5000000,9000000,5240000,23000000,,5000000,0,0,,0,,0,,,,128068002,,,,,,,,,,,,,,,,,,,,,,
02/04/2019,20078015,12000000,19400000,27047826,2000000,10000000,8000000,19000000,11000000,,2000000,0,0,,0,,0,,,,130525841,,,,,,,,,,,,,,,,,,,,,,
03/04/2019,29164213,10177300,5296642,24005000,2000000,10000000,12000000,8000000,13000000,,276507,100000,0,,0,,0,,,,114019662,,,,,,,,,,,,,,,,,,,,,,
04/04/2019,31418518,34855483,17454605,39000000,0,6000000,8000000,0,8000000,,9000000,5000000,0,,0,,0,,,,158728606,,,,,,,,,,,,,,,,,,,,,,
05/04/2019,8472943,72010000,3791894,21000000,0,0,1000000,0,0,,29000000,5000000,0,,0,,0,,,,140274837,,,,,,,,,,,,,,,,,,,,,,
08/04/2019,18019497,34591734,12364072,15124900,5000000,0,100000,0,3000000,,21000000,5000000,0,,0,,5000000,,,,119200203,,,,,,,,,,,,,,,,,,,,,,
09/04/2019,8047218,17147573,2963954,9124900,0,0,4000000,0,0,,11000000,0,0,,0,,5000000,,,,57283645,,,,,,,,,,,,,,,,,,,,,,
10/04/2019,13987200,13000000,7597381,2000000,0,0,0,55915,3000000,,45343,0,0,,0,,8000000,,,,47685839,,,,,,,,,,,,,,,,,,,,,,
11/04/2019,13261509,9814000,19100000,5000000,0,0,2000000,1000000,1000000,,1000000,0,0,,0,,8000000,,,,60175509,,,,,,,,,,,,,,,,,,,,,,
12/04/2019,44954286,193000000,13766489,18000000,0,0,6000000,5000000,3000000,,0,5000000,0,,0,,13000000,,,,301720775,,,,,,,,,,,,,,,,,,,,,,
15/04/2019,24760568,26342464,11099881,30000000,0,3000000,2000000,2000000,3000000,,46000000,5000000,0,,0,,8000000,,,,161202913,,,,,,,,,,,,,,,,,,,,,,
16/04/2019,754095,21150200,14131363,29000000,0,0,0,8000000,0,,982000,5000000,0,,0,,0,,,,79017658,,,,,,,,,,,,,,,,,,,,,,
17/04/2019,11000000,67317094,3053869,23502421,0,3000000,2000000,1000000,0,,90199,0,0,,0,,500000,,,,111463583,,,,,,,,,,,,,,,,,,,,,,
18/04/2019,35510082,62260102,29455929,18050000,0,3000000,1000000,5000000,100000,,18000000,0,0,,0,,500000,,,,172876113,,,,,,,,,,,,,,,,,,,,,,
23/04/2019,70255934,103000000,3612293,344093,0,15000000,2000000,5000000,1000000,,46000000,2000000,0,,0,,0,,,,0,,,,,,,,,,,,,,,,,,,,,,
24/04/2019,34416821,28125243,38050000,9421424,0,85000000,0,0,1000000,,25000000,2000000,0,,0,,0,,,,0,,,,,,,,,,,,,,,,,,,,,,
25/04/2019,5374470,93000196,85271624,69000000,0,63000000,5000000,0,10000000,,0,0,0,,0,,0,,,,0,,,,,,,,,,,,,,,,,,,,,,
26/04/2019,21233509,71414553,43801517,62000000,400,19000000,10760,0,35000000,,1000000,2000000,0,,0,,0,,,,0,,,,,,,,,,,,,,,,,,,,,,
29/04/2019,107175816,42898410,20863961,37000000,0,41000000,295464,57700,29000000,,0,11000000,0,,0,,500000,,,,,,,,,,,,,,,,,,,,,,,,,,
30/04/2019,1639775,13727661,20912817,22465280,0,29000000,2000000,5200000,12000000,,5000000,21295,0,,0,,500000,,,,,,,,,,,,,,,,,,,,,,,,,,
02/05/2019,38248657,12458731,9637037,8080000,0,11189519,9000000,646018,5000000,,1000000,0,0,,0,,0,,,,255960739,,,,,,,,,,,,,,,,,,,,,,
03/05/2019,16549234,12171819,10840000,5400000,6000000,2000000,17000000,5000000,0,,2000000,0,0,,0,,0,,,,0,,,,,,,,,,,,,,,,,,,,,,
06/05/2019,23174326,19000000,18456236,730000,5000000,3000000,6000000,1000000,0,,416600,0,0,,0,,0,,,,111966828,,,,,,,,,,,,,,,,,,,,,,
07/05/2019,23004021,25000000,12207000,1607012,1000000,952013,6000000,18000000,5000000,,3000000,72619,0,,0,,5000000,,,,0,,,,,,,,,,,,,,,,,,,,,,
08/05/2019,27052795,6094004,10222224,6100000,0,11000000,792907,5000000,7000000,,2000000,110400,0,,0,,0,,,,95259962,,,,,,,,,,,,,,,,,,,,,,
09/05/2019,24223539,9513224,11000000,15468814,14000000,9000000,8000000,57000000,17000000,,592042,0,0,,0,,0,,,,81961053,,,,,,,,,,,,,,,,,,,,,,
10/05/2019,21045412,66721517,17786429,7009647,0,17009546,6000000,58000000,5000000,,13000000,3000000,0,,0,,10000000,,,,0,,,,,,,,,,,,,,,,,,,,,,
13/05/2019,19000000,82078065,15903554,3511449,0,21000000,8000000,33000000,13000000,,9000000,3000000,0,,0,,24000000,,,,95842665,,,,,,,,,,,,,,,,,,,,,,
14/05/2019,11491831,16053871,15750852,12840000,0,15197200,8919904,50273454,22764000,,10840375,8000000,0,,0,,59000000,,,,75372330,,,,,,,,,,,,,,,,,,,,,,
15/05/2019,16049178,35261149,15764726,8306522,14000000,4050000,9000000,157000000,17000000,,95470,8000000,0,,0,,0,,,,189797619,,,,,,,,,,,,,,,,,,,,,,
16/05/2019,11499204,6018500,24321145,6192482,350000,4000000,66000000,31000000,62000000,,624597,5000000,0,,0,,0,,,,273572551,,,,,,,,,,,,,,,,,,,,,,
17/05/2019,9226416,19000000,21000000,6000000,0,9000000,29000000,38000000,16000000,,2000000,5000000,0,,0,,59000000,,,,0,,,,,,,,,,,,,,,,,,,,,,
20/05/2019,172009401,4005566,18200000,564892,0,3153525,22000000,13000000,17000000,,66426,5000000,0,,0,,12000000,,,,,,,,,,,,,,,,,,,,,,,,,,
21/05/2019,79461098,9443911,12971900,1386126,0,4014876,50000000,332935,502149,,6000000,7000000,0,,0,,24000000,,,,,,,,,,,,,,,,,,,,,,,,,,
22/05/2019,66060888,17501266,23372023,2000000,12000000,5000000,48000000,7000000,0,,5000000,7000000,0,,0,,0,,,,212211287,,,,,,,,,,,,,,,,,,,,,,
23/05/2019,53253749,26000623,28876916,13010000,13000000,17000000,37000000,7000000,0,,11000000,14000000,0,,0,,0,,,,301527045,,,,,,,,,,,,,,,,,,,,,,
24/05/2019,15868747,12184682,39881182,11365332,9000000,18000000,3000000,1000000,45128,,35000000,6000000,0,,0,,35000000,,,,229005928,,,,,,,,,,,,,,,,,,,,,,
27/05/2019,11014588,788203,7544764,200000,100000,21000000,300000,6000000,5000000,,58000000,0,0,,0,,43000000,,,,0,,,,,,,,,,,,,,,,,,,,,,
28/05/2019,227967,9628093,5499053,5358040,259685,13000000,4000000,5000000,20000000,,12000000,3000000,0,,0,,12000000,,,,289999810,,,,,,,,,,,,,,,,,,,,,,
29/05/2019,15702870,10483236,527140,2000000,4000000,9000000,9000000,12000000,5000000,,3000000,3000000,0,,0,,0,,,,243112995,,,,,,,,,,,,,,,,,,,,,,
30/05/2019,20073245,22609159,3632233,3007159,3000000,16000000,8000000,7000000,11000000,,5000000,8000000,0,,0,,0,,,,251934177,,,,,,,,,,,,,,,,,,,,,,
31/05/2019,36792320,4723888,1287067,1114509,9000000,6000000,6000000,15000000,19000000,,10000000,5000000,0,,0,,2000000,,,,263141288,,,,,,,,,,,,,,,,,,,,,,
03/06/2019,2208873,8812528,4253045,0,10000000,9000000,188582,5000000,7000000,,1000000,5000000,0,,0,,5000000,,,,0,,,,,,,,,,,,,,,,,,,,,,
04/06/2019,5493447,35247917,2017152,100000000,3000000,6000000,101631,12397,792164,,3000000,0,0,,0,,5000000,,,,111947555,,,,,,,,,,,,,,,,,,,,,,
06/06/2019,6219394,17901655,1344324,6000000,20000000,410322,6000000,35400,10000000,,681440,0,0,,0,,0,,,,74513246,,,,,,,,,,,,,,,,,,,,,,
07/06/2019,11024064,60983118,401798302,24069281,49377,238700,390857,9000000,10000000,,200514,0,0,,0,,5000000,,,,112321796,,,,,,,,,,,,,,,,,,,,,,
10/06/2019,3065302,22840739,13189593,11000000,15000000,4770000,8000000,2000000,4000000,,3000000,0,0,,0,,35000000,,,,118917784,,,,,,,,,,,,,,,,,,,,,,
11/06/2019,4089497,34484719,16649841,5000000,4000000,8000000,101631,485753,2000000,,2000000,0,0,,0,,35000000,,,,0,,,,,,,,,,,,,,,,,,,,,,
12/06/2019,1001370,26844737,19097000,400000,6000000,14000000,6691,32000000,2000000,,7000000,0,0,,0,,0,,,43624,0,,,,,,,,,,,,,,,,,,,,,,
13/06/2019,24350920,36045000,9711543,2000000,9000000,45000000,16000000,7000000,7000000,,10000000,0,0,,0,,0,,,43625,0,,,,,,,,,,,,,,,,,,,,,,
14/06/2019,23514564,25318419,4281776,18861477,5240400,48612062,6555370,7109000,25000000,,13057682,0,0,,0,,0,,,,185664708,,,,,,,,,,,,,,,,,,,,,,
17/06/2019,30031785,2723528,11274177,0,29000000,10046053,2000000,117794,37000000,,9000000,0,0,,0,,5000000,,,,0,,,,,,,,,,,,,,,,,,,,,,
18/06/2019,41477875,5407363,9366800,46378,23000000,2000000,2000000,0,20000000,,535349,0,0,,0,,0,,,,103592535,,,,,,,,,,,,,,,,,,,,,,
19/06/2019,71523218,18763000,1157407,3007858,5000000,6000000,5000000,14000000,6000000,,4000000,0,0,,0,,0,,,,552754213,,,,,,,,,,,,,,,,,,,,,,
20/06/2019,126535104,20217799,4588741,1000000,15000000,7000000,376936,452339,5000000,,6000000,0,0,,0,,0,,,,0,,,,,,,,,,,,,,,,,,,,,,
21/06/2019,81718143,16921959,20511684,4010000,4000000,11000000,0,11000000,4000000,,6000000,0,0,,0,,0,,,,0,,,,,,,,,,,,,,,,,,,,,,
24/06/2019,20683703,8000000,13106903,3000000,2000000,8000000,999387,15000000,10000000,,497437,0,0,,0,,0,,,,113349798,,,,,,,,,,,,,,,,,,,,,,
25/06/2019,34042210,11448423,46025627,7000000,1000000,148213,152000000,9000000,9000000,,298000000,0,0,,0,,0,,,,171107463,,,,,,,,,,,,,,,,,,,,,,
26/06/2019,24288110,23235539,27750709,124738756,5406343,0,2609084,12202315,16070904,,49582312,1000000,120950000,,0,,0,,,,177550750,,,,,,,,,,,,,,,,,,,,,,
27/06/2019,47927179,28651794,70089788,11000000,7000000,8000000,4000000,20000000,14000000,,1000000,1000000,0,,0,,0,,,,0,,,,,,,,,,,,,,,,,,,,,,
28/06/2019,28036839,13854971,39539349,19100000,6000000,10000000,1000000,29000000,3000000,,300338,5185,0,,0,,0,,,,0,,,,,,,,,,,,,,,,,,,,,,
01/07/2019,20043643,29084173,8084216,8000000,0,29000000,126170,16000000,10000000,,0,0,5000000,,0,,0,,,,134451483,,,,,,,,,,,,,,,,,,,,,,
02/07/2019,143580,7001466,40148371,3806029,13000000,21000000,15000000,266000000,22000000,,0,506500,0,,0,,0,,,,186170919,,,,,,,,,,,,,,,,,,,,,,
03/07/2019,22063278,11041951,20803000,9669028,6000000,9000000,0,21000000,2000000,,0,0,5928936,,0,,0,,,,159161786,,,,,,,,,,,,,,,,,,,,,,
04/07/2019,41007827,20969790,9093000,1091383,3000000,66000000,1000000,118000000,4000000,,0,0,0,,0,,0,,,,0,,,,,,,,,,,,,,,,,,,,,,
05/07/2019,20004550,24462955,53000000,310969,3000000,22000000,,62000000,21000000,,,1000000,5000000,,0,,0,,,,0,,,,,,,,,,,,,,,,,,,,,,
08/07/2019,2755736,17617642,57167386,14412454,2000000,5000000,342816,49000000,95559,,1000000,1000000,0,200000,0,,0,,,,407834072,,,,,,,,,,,,,,,,,,,,,,
09/07/2019,2197355,12656859,32678568,10100000,3000000,6000000,427469,18000000,5000000,,2000000,1000000,0,40200000,0,,0,,,,212668761,,,,,,,,,,,,,,,,,,,,,,
10/07/2019,87000000,13192410,5630958,1014700,731901,4000000,2000000,10000000,0,,50000,0,0,0,0,,0,,,,149836682,,,,,,,,,,,,,,,,,,,,,,
11/07/2019,50012776,3702000,16682215,10000000,2000000,10000000,3000000,82000000,142921,,49000000,0,0,0,0,,0,,,,0,,,,,,,,,,,,,,,,,,,,,,
12/07/2019,33258176,1211880,26103869,680382,50000,3497496,7000000,30000000,0,,5000000,0,1000000,,0,,0,,,,0,,,,,,,,,,,,,,,,,,,,,,
15/07/2019,43002927,24128046,5216650,5163014,4000000,37902337,5000000,5000000,0,,0,0,1000000,0,0,,0,,,,,,,,,,,,,,,,,,,,,,,,,,
16/07/2019,26006666,15690697,95999999,38000000,0,98662730,8000000,44666,0,,0,0,5000000,8112356,0,,0,,,,,,,,,,,,,,,,,,,,,,,,,,
17/07/2019,21009798,6889125,51424743,11000000,37609,44597470,3000000,31000000,380190,,1000000,0,0,0,0,,0,,,,107506193,,,,,,,,,,,,,,,,,,,,,,
18/07/2019,38000000,3499808,13454628,16000000,10000000,33473000,3000000,21000000,1000000,,1000000,5410,5000000,0,0,,0,,,,264362000,,,,,,,,,,,,,,,,,,,,,,
19/07/2019,10000000,7936936,76101732,29710000,16000000,32498981,6000000,45000000,0,,1000000,0,50000,50000000,0,,0,,,,251978474,,,,,,,,,,,,,,,,,,,,,,
22/07/2019,4769500,16218000,5117374,9210580,6000000,28700000,0,5000000,9000000,,0,0,5000000,0,0,,0,,,,150391593,,,,,,,,,,,,,,,,,,,,,,
23/07/2019,23000000,22593978,9035262,2985893,6000000,36300779,0,45000000,9000000,,0,0,248514,344740,0,,0,,,,98060251,,,,,,,,,,,,,,,,,,,,,,
24/07/2019,14000000,27681626,4523746,12908428,0,31093245,1000000,13000000,0,,1000000,0,0,0,0,,0,,,,123619969,,,,,,,,,,,,,,,,,,,,,,
25/07/2019,8025776,22326756,12419309,9600000,0,34260163,985217,206249,35000,,141114,0,5000000,0,0,,0,,,,226539912,,,,,,,,,,,,,,,,,,,,,,
26/07/2019,2900615,27166149,52018931,8000000,2000000,7167600,0,19000000,9000000,,921610,286619,5000000,16915803,0,,0,,,,115914159,,,,,,,,,,,,,,,,,,,,,,
29/07/2019,1673739,19561027,13480691,4048474,2000000,17019803,0,22000000,18000000,,0,0,187412,1310000,0,,0,,,,,,,,,,,,,,,,,,,,,,,,,,
30/07/2019,14945680,8247957,61081197,10645358,5000000,28443300,0,65000000,0,,49000000,12471,0,1833000,0,,0,,,,,,,,,,,,,,,,,,,,,,,,,,
31/07/2019,51892324,7888357,94056394,10620000,59575,36974064,677768,5446720,2000000,,0,0,0,0,0,,0,,,,180412974,,,,,,,,,,,,,,,,,,,,,,
01/08/2019,8000000,9428469,81419850,4489499,3000000,229110510,17000000,20000000,2000000,,0,0,2000000,0,0,,0,,,,297749498,,,,,,,,,,,,,,,,,,,,,,
02/08/2019,43502900,5500000,64067438,1043789,777224,21200000,553560,0,5000000,,128255,0,2000000,0,0,,0,,,,170338935,,,,,,,,,,,,,,,,,,,,,,
06/08/2019,36896450,9303724,29154789,300000,78787,27490000,27797,2000000,50000,,2000000,0,0,5000000,0,,0,,,,,,,,,,,,,,,,,,,,,,,,,,
07/08/2019,23008157,17221215,46160000,15307956,5000000,11684174,1000000,47603,331588,,5000000,0,0,0,0,,0,,,,,,,,,,,,,,,,,,,,,,,,,,
08/08/2019,69052158,26389302,8030000,12745178,79482,15369100,0,10000000,0,,0,0,10000,0,0,,0,,,,,,,,,,,,,,,,,,,,,,,,,,
09/08/2019,66092267,27299824,20597458,28686474,18100000,57893091,0,15031850,375507,,98490,0,0,0,0,,0,,,,0,,,,,,,,,,,,,,,,,,,,,,
13/08/2019,13000000,17892066,58753377,2000000,18000000,3904143,0,30000000,10000000,,226081,0,0,0,0,,0,,,,94309584,,,,,,,,,,,,,,,,,,,,,,
14/08/2019,7000499,454030,35330112,300000,571722,4737425,0,31000000,10000000,,394907,0,470517,0,0,,0,,,,135294524,,,,,,,,,,,,,,,,,,,,,,
15/08/2019,11104019,9933983,65559000,53030000,3000000,35879524,0,21000000,20000000,,4000000,0,0,0,0,,0,,,,0,,,,,,,,,,,,,,,,,,,,,,
16/08/2019,23830220,22103342,40572582,2760000,627417,21499382,2000000,149822,20000000,,0,0,0,0,0,,0,,,,0,,,,,,,,,,,,,,,,,,,,,,
19/08/2019,30000000,16723691,49143984,4000000,216117,19012797,2000000,4000000,125605,,6000000,4000,0,0,0,,0,,85000000,,294615202,,,,,,,,,,,,,,,,,,,,,,
20/08/2019,48000000,9024098,18272461,10879887,336316,10970499,228855,0,393500,,77194,0,0,0,0,,0,,20000000,,402129681,,,,,,,,,,,,,,,,,,,,,,
21/08/2019,68177797,7351176,20585661,10527014,474938,5927720,3000000,28631,0,,68120,0,202000,0,0,,0,,0,,148773166,,,,,,,,,,,,,,,,,,,,,,
22/08/2019,88029804,9881482,15049329,20048359,195353,9771810,3000000,8000000,0,,2000000,0,664500,0,0,,0,,0,,0,,,,,,,,,,,,,,,,,,,,,,
23/08/2019,32276129,3150000,20520000,655582,530101,1319037,150000,0,200000,,177928,0,654500,0,0,,0,,0,,0,,,,,,,,,,,,,,,,,,,,,,
26/08/2019,70006392,6002000,15503800,738536,147924,374368,4000000,2000000,3000000,,77356,0,0,0,0,,67000000,,0,,130760693,,,,,,,,,,,,,,,,,,,,,,
27/08/2019,613119,9324121,17662199,4761718,2000000,2719803,1000000,13000000,7000000,,144967,1000000,0,0,0,,78000000,,2170918,,143846138,,,,,,,,,,,,,,,,,,,,,,
28/08/2019,96014681,23197232,7726050,22000000,2000000,7000000,861238,12000000,13000000,,0,1000000,0,0,0,,0,,714799,,234889760,,,,,,,,,,,,,,,,,,,,,,
29/08/2019,9916939,17009936,28305245,1000000,16000000,9000000,4000000,28000000,15000000,,9000000,4000000,0,0,0,,0,,0,,0,,,,,,,,,,,,,,,,,,,,,,
30/08/2019,57821462,16548372,19054341,17328,8000000,10000000,1000000,29000000,24000000,,3000000,33470,10000000,384378,0,,16000000,,0,,0,,,,,,,,,,,,,,,,,,,,,,
02/09/2019,11317391,8086644,19106226,2000000,14000000,10000000,0,327781,20000000,,250000,0,15000000,0,0,,14000000,,5751024,,96010236,,,,,,,,,,,,,,,,,,,,,,
03/09/2019,5046496,10962800,5461630,5397402,11000000,13294655,0,2000000,10000000,,250000,0,20000000,0,0,,6000000,,4638431,,228144957,,,,,,,,,,,,,,,,,,,,,,
04/09/2019,8023816,8345275,34030841,763016,2000000,5150484,846829,10000000,31760,,0,0,10001132,0,0,,0,,21157978,,154700743,,,,,,,,,,,,,,,,,,,,,,
05/09/2019,3113416,10433574,12123395,331637,304730,1150484,846829,5000000,4000000,,30000,0,27910456,0,0,,0,,0,,0,,,,,,,,,,,,,,,,,,,,,,
06/09/2019,3031792,13552066,16000000,5000000,0,1062824,8000000,0,0,,104000,0,317910456,19275000,0,,3000000,,0,,0,,,,,,,,,,,,,,,,,,,,,,
09/09/2019,15075000,47006500,18294188,766602,920000,1314320,0,10020000,1380000,,2284629,0,137106691,2454468,0,,2000000,,0,,116343057,,,,,,,,,,,,,,,,,,,,,,
10/09/2019,21785,20214089,20029097,32000000,1000000,50000,0,0,0,,0,0,53000000,0,0,,139838,,9028375,,232669012,,,,,,,,,,,,,,,,,,,,,,
11/09/2019,35719895,26151861,15207541,33000000,333535,20904080,112972,10051357,0,,4000000,0,12000000,0,0,,0,,5894429,,143527706,,,,,,,,,,,,,,,,,,,,,,
12/09/2019,15512607,93130000,74653658,22050000,11000000,2519463,2000000,189139,0,,9630,0,12000000,0,0,,0,,0,,0,,,,,,,,,,,,,,,20.00%,20.19%,,,,,,
13/09/2019,9405017,37450697,64208581,11586832,4000000,2436829,4000000,0,2000000,,5000000,5185,4000000,0,0,,0,,0,,0,,,,,,,,,,,,,,,,,,,,,,
16/09/2019,19103165,23247000,51409667,4803862,3000000,4000000,3000000,122251,2000000,,1000000,200000,24000000,1000000,0,,0,,0,,199799201,,,,,,,,,,,,,,,,,,,,,,
17/09/2019,17005201,80015559,17577371,5600000,10000000,2070000,0,1000000,0,,1000000,0,22000000,145793,0,,270647,,117519,0,155349639,,,,,,,,,,,,,,,,,,,,,,
18/09/2019,664992,53485000,24311546,20242912,15000000,0,0,31652,0,,794052,42742,11000000,0,0,,0,,6894137,0,191369110,,,,,,,,,,,,,,,,,,,,,,
19/09/2019,10000000,18133000,16085286,2493984,7000000,3000000,0,2000000,0,,0,0,31000000,0,0,,0,,0,0,0,,,,,,,,,,,,,,,,,,,,,,
20/09/2019,23000000,26158756,31706881,107420753,18000000,797350,8000000,0,0,,0,0,13000000,31000000,0,,185458,,0,0,0,,,,,,,,,,,,,,,,,,,,,,
24/09/2019,4734026,27236386,26030000,3200,8000000,8123011,3000000,7000000,1000000,,994612,0,42000000,1000000,0,,185225,,0,2000000,71698989,,,,,,,,,,,,,,,,,,,,,,
25/09/2019,7000000,39662393,6890058,22401626,11000000,5111975,7000000,11000000,0,,0,0,17000000,0,0,,0,,489891,0,365290867,,,,,,,,,,,,,,,,,,,,,,
26/09/2019,3954,33275642,18254760,8090076,492268,5000000,0,2077130,10000000,,1000000,0,95000000,0,0,,0,,0,0,0,,,,,,,,,,,,,,,,,,,,,,
27/09/2019,5360713,26103087,41508913,6135904,889037,4096680,4000000,28886,0,,2000000,0,8000000,0,0,,0,,0,0,0,,,,,,,,,,,,,,,,,,,,,,
30/09/2019,5001943,28061173,37448561,6081745,383000,4000000,111229,8000000,31000000,,1000000,0,80000000,3000000,0,,544662,,0,400000,163281042,,,,,,,,,,,,,,,,,,,,,,
01/10/2019,14000000,28339368,64466898,25258517,2000000,2000000,4000000,27000000,25000000,,0,0,5000000,14000000,0,,0,,0,0,234064497,,,,,,,,,,,,,,,,,,,,,,
02/10/2019,22000000,24116447,51525084,1725467,3000000,6124862,3000000,11000000,0,,800000,0,0,0,0,,0,,102498,1000000,145612079,,,,,,,,,,,,,,,,,,,,,,
03/10/2019,959865,27473976,16830129,5481620,6000000,14977025,5000000,5441000,97900,,2000000,3700,5000000,0,0,,0,,0,0,0,,,,,,,,,,,,,,,,,,,,,,
04/10/2019,713704,71243721,13223140,6565000,9475091,1181000,1478085,28136169,20000000,,0,0,11162315,5000000,0,,3000000,,0,0,0,,,,,,,,,,,,,,,,,,,,,,
07/10/2019,8033986,76305400,53053835,3639532,3000000,0,2000000,17000000,15000000,,0,0,500000,12000000,0,,113769,,0,0,145572896,,,,,,,,,,,,,,,,,,,,,,
08/10/2019,17155692,44749047,72852758,18170281,8341646,3309088,637164,7000000,12092000,,0,0,450744,13037345,0,,15974,,8009731,3000000,100722001,,,,,,,,,,,,,,,,,,,,,,
09/10/2019,24000000,99565338,77775928,35650816,2000000,500000,0,20000000,0,,0,0,950744,0,0,,0,,0,0,229268965,,,,,,,,,,,,,,,,,,,,,,
10/10/2019,151361,29168280,156961691,19007000,7000000,622420,908458,11008971,11000,,8000000,8387,0,0,0,,0,,0,0,0,,,,,,,,,,,,,,,,,,,,,,
11/10/2019,846,79191693,44743822,1883095,6000000,10478785,4000000,8000000,0,,300000,0,0,13000000,0,,210277,,0,0,0,,,,,,,,,,,,,,,,,,,,,,
14/10/2019,5385001,57785421,111319343,8658517,2000000,6295230,3000000,6000000,4000000,,0,0,0,29000000,0,,4000000,,0,2000000,132066052,,,,,,,,,,,,,,,,,,,,,,
15/10/2019,5001446,92177225,55876050,9025848,6000000,40000000,3000000,2000000,10000000,,0,0,500000,29000000,0,,46000000,,96957,6000000,182835449,,,,,,,,,,,,,,,,,,,,,,
16/10/2019,279106,116376267,18278635,11523615,2000000,16010000,0,0,40000000,,723831,0,5000000,0,0,,0,,0,7000000,119123220,,,,,,,,,,,,,,,,,,,,,,
17/10/2019,30000000,160050000,9120491,33000000,8000000,7887000,0,0,4000000,,203100,0,6000000,0,0,,0,,0,0,0,,,,,,,,,,,,,,,,,,,,,,
18/10/2019,1453708,109234309,18499118,8922526,5000000,4962161,900000,9000000,28000000,,293910,0,669300,665000,0,,3000000,,0,0,0,,,,,,,,,,,,,,,,,,,,,,
21/10/2019,24000000,44761223,29236300,20000000,100534,21072048,0,2000000,4000000,,2000000,0,19000000,0,0,,10000000,,530288,495000,127624750,,,,,,,,,,,,,,,,,,,,,,
22/10/2019,720180,56379061,47569600,3051070,76256,11000000,570788,11000000,5000000,,5000000,710503,19000000,0,0,,35000000,,9647,976387,102365018,,,,,,,,,,,,,,,,,,,,,,
23/10/2019,13100498,63407995,43443111,7852609,224439,14834371,4000000,19000000,7000000,,7000000,0,3000000,0,0,,0,,0,3968775,180200319,,,,,,,,,,,,,,,,,,,,,,
24/10/2019,1846,68000000,21937146,4165474,4000000,33000000,0,19000000,12000000,,72950,50000000,8000000,0,0,,0,,0,0,0,,,,,,,,,,,,,,,,,,,,,,
25/10/2019,10000000,75115533,44254900,14000000,3193000,16349353,16000000,16000000,11000000,,18000000,0,5000000,0,0,,9000000,,0,0,0,,,,,,,,,,,,,,,,,,,,,,
28/10/2019,11130000,45719103,82830782,6449824,279163,15620464,94098,10070800,10260000,,2000000,50000000,5000000,0,0,,35000000,,44401,0,268605748,,,,,,,,,,,,,,,,,,,,,,
29/10/2019,135525,32000000,22546087,5397876,4000000,9000000,100000,0,1000000,,0,0,128482,10000000,0,,25000000,,5085723,0,270933291,,,,,,,,,,,,,,,,,,,,,,
30/10/2019,115183,61683527,77250000,249795,587647,24118481,3000000,15000000,20000000,,2000000,0,10000000,0,0,,0,,672477,3000000,233270718,,,,,,,,,,,,,,,,,,,,,,
31/10/2019,5000000,30165281,122988092,12000000,5000000,11134739,3000000,15000000,63000000,,0,0,5000000,0,0,,0,,0,0,0,,,,,,,,,,,,,,,,,,,,,,
01/11/2019,6259869,99064599,63895258,10724000,0,7000000,1868512,10461284,56900000,,4844511,0,0,12000000,0,,12275000,,0,0,0,,,,,,,,,,,,,,,,,,,,,,
04/11/2019,952598,59032384,72096864,2714587,272448,4512915,900000,10864946,68947,,462565,0,1200000,1000000,0,,22000000,,105610,0,240297064,,,,,,,,,,,,,,,,,,,,,,
05/11/2019,20485,18900713,233430238,1197537,4500000,141743788,6282000,6142146,10650000,,191325,0,0,162200,0,,0,,0,0,268260591,,,,,,,,,,,,,,,,,,,,,,
06/11/2019,10010000,77400917,33804259,5097421,10000000,36043325,6000000,32000000,744938,,558970,0,17000000,0,0,,0,,287151,0,222222183,,,,,,,,,,,,,,,,,,,,,,
07/11/2019,10002500,17691200,47946180,6173580,9000000,40584616,400000,11194831,10640700,,1000000,0,22000000,0,0,,0,,0,0,0,,,,,,,,,,,,,,,,,,,,,,
08/11/2019,10012100,99126134,47021484,0,12000000,64372785,4488997,4300000,382500,,11259855,0,7190400,0,0,,10000000,,0,0,0,,,,,,,,,,,,,,,,,,,,,,
11/11/2019,11000000,102547711,56308136,0,2550000,84668287,3278330,12106669,5585075,,0,0,15190400,345290,0,,0,,0,0,197863023,,,,,,,,,,,,,,,,,,,,,,
12/11/2019,1014483,97437722,30468785,1255500,10000000,85124801,2000000,15000000,0,,0,0,5000000,845290,0,,10053028,,47708,2000000,257225124,,,,,,,,,,,,,,,,,,,,,,
13/11/2019,0,41939141,6209786,688111,2751830,4847000,9582923,20429682,0,,802227,0,5000000,0,0,,0,,0,0,263912786,,,,,,,,,,,,,,,,,,,,,,
14/11/2019,600000,52602434,30352894,3393952,569917,20023796,8417077,13000000,3694233,,0,0,10000000,0,0,,0,,0,0,0,,,,,,,,,,,,,,,,,,,,,,
15/11/2019,1281886,57271573,413778480,11624832,0,13662035,0,29350615,0,,0,0,5000000,500000,0,,21874745,,0,0,0,,,,,,,,,,,,,,,,,,,,,,
18/11/2019,0,76457831,56128815,8214938,20002290,3563321,0,4590411,2726093,,0,0,0,8000000,0,,75045004,,0,15000000,273004633,,,,,,,,,,,,,,,,,,,,,,
19/11/2019,47168,100412177,36721460,5694210,170000,14660749,0,10226148,20385086,,0,143700,5020000,1798220,0,,26910000,,0,9000000,304288112,,,,,,,,,,,,,,,,,,,,,,
20/11/2019,22085271,54768084,42893645,4765080,21030412,11235000,799129,3323063,14000000,,81167,0,0,0,0,,0,,46083,250000,261476316,,,,,,,,,,,,,,,,,,,,,,
21/11/2019,32299100,7938460,33093369,5865922,232897,27371675,26540077,12000000,16000000,,13861763,0,50409,0,0,,0,,0,0,0,,,,,,,,,,,,,,,,,,,,,,
22/11/2019,9765855,50298380,43970352,13278642,770622,22120000,2814772,9835675,10210000,,0,0,5000000,0,0,,0,,0,0,0,,,,,,,,,,,,,,,,,,,,,,
25/11/2019,980039,61583471,48665354,5608170,517642,15520070,741759,14766924,200000,,0,0,0,65000000,0,,68740000,,2000000,0,230659830,,,,,,,,,,,,,,,,,,,,,,
26/11/2019,1000,26665018,51555721,8528107,5890078,20713165,1192438,8273951,100000,,0,0,10000000,67000000,0,,13173707,,0,0,176978897,,,,,,,,,,,,,,,,,,,,,,
27/11/2019,12958,13188643,35376567,450938,0,13000000,0,2000000,1000000,,19305,0,12000000,0,0,,0,,0,0,271052573,,,,,,,,,,,,,,,,,,,,,,
28/11/2019,12642469,75505017,15841583,16196529,20775,26183645,30548524,18953312,7556231,,15661151,0,10000000,0,0,,0,,0,0,0,,,,,,,,,,,,,,,,,,,,,,
29/11/2019,7245959,39442073,21380066,5600259,0,30769521,5378930,4116634,0,,3267897,5000,10000000,65000000,0,,4809644,,0,0,0,,,,,,,,,,,,,,,,,,,,,,
02/12/2019,2000000,95560966,2246160,9431,0,13850000,,2280000,4000000,,250000,0,0,0,0,,126811,,0,1000000,117897478,,,,,,,,,,,,,,,,,,,,,,
03/12/2019,0,49924551,542602780,3171193,100000,50159255,0,559031,4000000,,75000,0,45462,0,0,,2832522,,14156,0,225713463,,,,,,,,,,,,,,,,,,,,,,
04/12/2019,1000000,31721118,207169902,1035022,100000,84000000,22498,3000000,3000000,,0,1000000,0,0,0,,0,,4929978,0,565607619,,,,,,,,,,,,,,,,,,,,,,
05/12/2019,0,44058317,58481716,388750,0,13167547,22498,15206374,10293999,,0,0,10000000,0,0,,0,,0,0,0,,,,,,,,,,,,,,,,,,,,,,
09/12/2019,0,43549556,73204632,540000,7818,8000000,112972,17000000,6000000,,0,0,8000000,0,0,,2590000,,1474375,0,176455226,,,,,,,,,,,,,,,,,,,,,,
10/12/2019,0,93256856,3446940,328300,20000000,15000000,0,27000000,28000000,,0,0,8000000,0,0,,0,,0,0,308993672,,,,,,,,,,,,,,,,,,,,,,
11/12/2019,6463,38428289,79006780,3406662,1000000,32000000,41000000,22000000,4000000,,17000000,0,0,0,0,,0,,0,0,248238005,,,,,,,,,,,,,,,,,,,,,,
12/12/2019,46500,128785783,77179957,30530000,299861,33000000,0,39000000,2000000,,850000,220460,0,0,0,,0,,0,0,0,,,,,,,,,,,,,,,,,,,,,,
13/12/2019,0,63204968,201730600,30000000,5000000,29291779,0,10000000,18000000,,0,220460,0,0,0,,3000000,,0,0,0,,,,,,,,,,,,,,,,,,,,,,
16/12/2019,0,94504755,117549028,27000000,10000000,41000000,647021,15175762,15000000,,0,0,9000000,980572,0,,3000000,,5000000,0,86048411,,,,,,,,,,,,,,,,,,,,,,
17/12/2019,0,133805704,121215111,16140000,18000000,9100000,41000000,713093,24000000,,17000000,0,9000000,658167,0,,0,,0,0,229236047,,,,,,,,,,,,,,,,,,,,,,
18/12/2019,0,12159225,53714016,23020000,1000000,16000000,2000000,11000000,12000000,,5000000,0,0,0,0,,0,,0,977998,131016859,,,,,,,,,,,,,,,,,,,,,,
19/12/2019,0,20707680,39803632,11195247,10997599,24632951,0,6335196,5285771,,4724951,0,0,0,0,,0,,0,0,0,,,,,,,,,,,,,,,,,,,,,,
20/12/2019,0,27270651,42998829,28105285,18815051,3983882,682043,3790415,35397981,,3124900,0,0,0,0,,24000000,,0,0,0,,,,,,,,,,,,,,,,,,,,,,
23/12/2019,0,36075929,89578985,104831894,5620068,66250042,682043,14950000,5060000,,544900,109000,0,0,0,,0,,0,0,346048540,,,,,,,,,,,,,,,,,,,,,,
24/12/2019,1991,70246989,60832714,23668279,5718777,26898320,281200,18111348,5010000,,250000,80000,1147500,0,0,,72735,,9611,4951194,159170006,,,,,,,,,,,,,,,,,,,,,,
27/12/2019,0,19388438,38642769,6995609,4240985,30230491,270000,30910227,71102562,,0,0,0,3633174,0,,39365,,0,0,0,,,,,,,,,,,,,,,,,,,,,,
30/12/2019,0,2241852,107941407,27357192,3720985,35445046,0,5346031,0,,0,0,0,0,0,,0,,0,0,237848194,,,,,,,,,,,,,,,,,,,,,,
31/12/2019,0,49530992,66136515,6729583,0,26294580,1210527,11588599,0,,120000,10418,0,1377629,0,,101524,,0,0,315893133,,,,,,,,,,,,,,,,,,,,,,
02/01/2020,0,27878160,6522124,6954443,2542328,2530000,0,0,70000,,0,0,0,3019162,0,,11245,,0,2664999,52192461,,,,,,,,,,,,,,,,,,,,,,
03/01/2020,0,5265378,33318371,19596191,0,4998233,0,1211500,33000000,,0,39395,0,0,0,,0,,5283917,4391595,107104580,,,,,,,,,,,,,,,,,,,,,,
06/01/2020,0,21078861,71672713,14000000,7000000,7000000,0,3865117,100000,,0,0,0,2000000,0,,4918,,6000000,0,132721609,,,,,,,,,,,,,,,,,,,,,,
08/01/2020,0,37451531,73492889,6324721,4054633,13575999,1469199,6000000,5000000,,0,50000,280000,0,0,,2000000,,6529751,5351679,161580402,,,,,,,,,,,,,,,,,,,,,,
09/01/2020,0,23010119,113186342,5398797,19000000,19000000,1000000,48000000,0,,0,67317,0,10000000,0,,2000000,,5000000,4000000,249662575,,,,,,,,,,,,,,,,,,,,,,
10/01/2020,0,16054629,84044133,200000,3018729,6880173,605792,49300879,1000000,,0,0,0,10000000,0,,97469,,494799,1264947,172961550,,,,,,,,,,,,,,,,,,,,,,
13/01/2020,0,116409198,300260866,43000000,38000000,32000000,0,70000000,8000000,,685236,195944,1000000,0,0,,1000000,,0,857703,611408947,,,,,,,,,,,,,,,,,,,,,,
14/01/2020,0,90642910,70118738,70628187,5014998,46575479,1698698,41719840,0,,4000000,170000,0,0,0,,1120846,,57671,0,331747367,,,,,,,,,,,,,,,,,,,,,,
15/01/2020,0,82146652,56926841,48000000,7400000,40000000,2000000,27000000,6000000,,15000000,0,0,711000,0,,19644,,0,0,285204137,,,,,,,,,,,,,,,,,,,,,,
16/01/2020,0,76892766,78223888,27000000,0,25000000,0,29000000,5000000,,4000000,55886,100000,711000,0,,96556,,12899,4000000,250092995,,,,,,,,,,,,,,,,,,,,,,
17/01/2020,0,29343501,21976922,16100000,5000000,46000000,102866,29000000,86000,,0,212168,10000000,0,0,,0,,1000000,933430,159754887,,,,,,,,,,,,,,,,,,,,,,
20/01/2020,0,171788531,27930026,82441000,220260000,7000000,6000000,19000000,0,,450427,0,10000000,6000000,0,,494451,,1000000,0,552364435,,,,,,,,,,,,,,,,,,,,,,
21/01/2020,0,165126357,104075694,52000000,732391198,9014071,4000000,11000000,5000000,,0,280791,0,7000000,0,,762173,,280000,2000000,1092930284,,,,,,,,,,,,,,,,,,,,,,
22/01/2020,0,95179684,28027165,66000000,136823528,3000000,500000,4000000,5000000,,12000000,0,0,0,0,,0,,0,27000000,377530377,,,,,,,,,,,,,,,,,,,,,,
23/01/2020,0,128821987,29481092,43061357,33353795,15000000,395900,164372,0,,14107,0,0,465000,0,,257390,,1000000,0,252015000,,,,,,,,,,,,,,,,,,,,,,
24/01/2020,0,87257401,57638872,27701027,34352176,101066100,0,8000000,5000000,,0,0,0,0,30000000,,43534,,0,0,351059110,,,,,,,,,,,,,,,,,,,,,,
27/01/2020,0,37327000,97928553,66700000,311386911,8000000,0,10092873,6000000,,0,432041,0,0,0,,14488,,14000000,0,551881866,,,,,,,,,,,,,,,,,,,,,,
28/01/2020,0,151416404,81180338,15164088,82307938,0,0,11000000,10000000,,653230,100000,200000,600000,0,,58902,,736195,0,353417095,,,,,,,,,,,,,,,,,,,,,,
29/01/2020,0,65237654,20404314,12217629,19642045,58000000,0,12073491,4000000,,0,116773,260000,2000000,0,,9504,,51278,20000000,214012688,,,,,,,,,,,,,,,,,,,,,,
30/01/2020,0,36265403,22503597,3335116,30747247,21054599,0,66000000,5000000,,12000000,67283,0,4000000,0,,4000000,,485037,0,205458282,,,,,,,,,,,,,,,,,,,,,,
31/01/2020,0,74451805,55738957,50220461,95762498,15455000,7000000,72000000,21000000,,386193,0,100000,10000000,0,,703346,,52514,0,402870774,,,,,,,,,,,,,,,,,,,,,,
03/02/2020,0,67570453,23592972,45724278,314727364,11010007,0,9000000,5000000,,0,0,0,5000000,0,,6000000,,0,0,487625074,,,,,,,,,,,,,,,,,,,,,,
04/02/2020,0,64775504,85714904,25649623,156793717,12258000,10000000,12000000,170000,,857000,0,300000,6000000,0,,4000000,,533301,250000,379302049,,,,,,,,,,,,,,,,,,,,,,
05/02/2020,0,37522765,238164953,15727618,156847000,7009611,4000000,1114950,7000000,,0,5000,10000,236368,2424014,,17309,,0,0,470079588,,,,,,,,,,,,,,,,,,,,,,
06/02/2020,0,23344940,181367430,28000000,106000000,4000000,4000000,10038141,806026,,0,0,0,102537,0,,10500,,102669,0,357772243,,,,,,,,,,,,,,,,,,,,,,
07/02/2020,0,77873366,19249643,23533350,170747317,2255948,206000,670241,6530881,,900000,0,0,199948,0,,0,,0,0,302166694,,,,,,,,,,,,,,,,,,,,,,
10/02/2020,0,41779988,170725973,6647288,104051427,2000000,0,5000000,1000000,,0,0,0,2000000,2700000,,23976,,0,0,335928652,,,,,,,,,,,,,,,,,,,,,,
11/02/2020,0,8846443,95000000,7017247,41000000,2000000,0,7000000,6000000,,0,0,0,1000000,0,,66959,,202284,140088,168273021,,,,,,,,,,,,,,,,,,,,,,
12/02/2020,0,119850449,95114273,55955960,48000000,0,0,0,20000000,,0,100000,0,0,0,,9560,,0,0,339030242,,,,,,,,,,,,,,,,,,,,,,
13/02/2020,0,13345289,61091636,33766329,25300000,11000000,0,10000000,16000000,,0,50000,0,0,0,,0,,605510,0,171158764,,,,,,,,,,,,,,,,,,,,,,
14/02/2020,0,7854421,70088747,30393117,11780409,10612661,0,8881193,146911,,0,0,0,256000,250000,,0,,11997,0,140275456,,,,,,,,,,,,,,,,,,,,,,
17/02/2020,0,19417191,39526960,42781978,18000000,10000000,200000,0,3000000,,0,0,0,0,0,,0,,6000000,0,138926129,,,,,,,,,,,,,,,,,,,,,,
18/02/2020,0,53070770,46219860,120504315,141481,795207,0,5678667,4000000,,0,0,0,0,0,,0,,0,0,230410300,,,,,,,,,,,,,,,,,,,,,,
19/02/2020,0,22229230,43719917,44341007,17000000,5300000,0,5173513,20000000,,0,0,0,0,153440,,0,,268002,0,158185109,,,,,,,,,,,,,,,,,,,,,,
20/02/2020,0,13244435,51000000,6752271,21000000,3000000,0,3000000,15000000,,0,0,0,0,0,,0,,29762,0,113026468,,,,,,,,,,,,,,,,,,,,,,
21/02/2020,0,88193807,85165587,37373624,35000000,14000000,5000000,8000000,5000000,,6000000,0,0,0,0,,0,,146670,0,283879688,,,,,,,,,,,,,,,,,,,,,,
24/02/2020,0,54828865,72131552,34247209,16000000,5000000,6000000,40100000,3000000,,0,0,0,0,0,,3000000,,0,0,234307626,,,,,,,,,,,,,,,,,,,,,,
25/02/2020,0,132003628,50664849,22044204,18000000,13200000,0,103423,5000000,,0,0,0,25000000,0,,0,,112997,0,266129101,,,,,,,,,,,,,,,,,,,,,,
26/02/2020,0,213495972,69157747,7438318,2028743,3222541,478800,5287833,90000,,0,0,0,12000000,0,,12229,,0,47000,313259183,,,,,,,,,,,,,,,,,,,,,,
27/02/2020,0,24339238,48710049,7156236,17026000,2806156,0,13000000,6000000,,0,0,0,186950,5876486,,0,,45467,0,125146582,,,,,,,,,,,,,,,,,,,,,,
28/02/2020,0,50469984,131386057,39120093,40000000,865062,25000000,5000000,5000000,,0,0,154000000,8000000,0,,0,,0,0,458841196,,,,,,,,,,,,,,,,,,,,,,
02/03/2020,0,16274236,59630546,52267665,17000000,4680156,0,55000000,2000000,,0,0,44000000,396941,0,,0,,0,0,251249544,,,,,,,,,,,,,,,,,,,,,,
03/03/2020,0,30019608,76232659,20678250,29000000,403242,13000000,15000000,30000000,,5000000,0,35000000,646941,0,,0,,11000000,12000000,277980700,,,,,,,,,,,,,,,,,,,,,,
04/03/2020,0,141539695,101913916,16591294,27275712,828785,0,10104115,14000000,,0,0,40000000,0,4665582,,0,,0,0,356919099,,,,,,,,,,,,,,,,,,,,,,
05/03/2020,0,119569101,87320409,25227007,49310000,8913797,27000000,39000000,7000000,,0,0,0,0,9331164,,28926,,296115,0,372996519,,,,,,,,,,,,,,,,,,,,,,
09/03/2020,0,38578192,118221347,10362944,120800000,8000000,3000000,63000000,6000000,,1000000,10550,0,0,0,,152873,,637636,0,369763542,,,,,,,,,,,,,,,,,,,,,,
10/03/2020,0,81229014,127950020,2880505,161927683,10000000,83200,77000000,9000000,,0,0,0,0,0,,0,,216579,688421,470975422,,,,,,,,,,,,,,,,,,,,,,
11/03/2020,0,51173610,76944770,13462946,177002316,50442881,0,36043679,11000000,,0,0,2000000,0,4644750,,0,,9839,5000000,427724791,,,,,,,,,,,,,,,,,,,,,,
12/03/2020,0,48000000,67330664,17792574,61142664,6000000,0,32000000,6000000,,0,0,2000000,6000000,4644750,,100000,,0,2000000,253010652,,,,,,,,,,,,,,,,,,,,,,
13/03/2020,0,67061788,90120250,25714732,30124324,12058153,11000000,32000000,11000000,,0,0,2000000,2000000,0,,0,,0,0,283079247,,,,,,,,,,,,,,,,,,,,,,
16/03/2020,0,42000000,64409119,12000000,27035595,83000000,0,36000000,6000000,,0,0,0,0,2019053,,147875,,5000000,19968,277631610,,,,,,,,,,,,,,,,,,,,,,
17/03/2020,0,90348320,61852333,10229554,17724350,7000000,94620,28000000,7000000,,0,0,0,0,2019053,,9435,,0,0,224277665,,,,,,,,,,,,,,,,,,,,,,
18/03/2020,0,104988582,38622572,20479809,17862121,15000000,0,15000000,5000000,,0,0,0,0,0,,0,,0,0,216953084,,,,,,,,,,,,,,,,,,,,,,
19/03/2020,0,69323721,84330560,14762693,84129837,30000000,0,24000000,27000000,,0,0,42000,0,0,,0,,0,6000000,339588811,,,,,,,,,,,,,,,,,,,,,,
20/03/2020,0,38826514,91286597,5603971,124609278,10000000,0,39000000,25000000,,0,0,0,2000000,38137027,,2000000,,9970,0,376473357,,,,,,,,,,,,,,,,,,,,,,
23/03/2020,0,79270323,200069490,51107683,110272064,17000000,0,69640000,56000000,,0,0,0,2000000,0,,0,,69680,4000000,589429240,,,,,,,,,,,,,,,,,,,,,,
24/03/2020,0,95166456,340100000,33296315,150000000,12093620,0,31000000,33000000,,0,0,0,386290,0,,6000000,,9926,995335,702047942,,,,,,,,,,,,,,,,,,,,,,
25/03/2020,0,59049222,267110322,36218215,96000000,12246230,0,6000000,20000000,,602220,0,0,524958,0,,7000000,,0,0,504751167,,,,,,,,,,,,,,,,,,,,,,
26/03/2020,0,79305114,163525698,87125153,83000000,24000000,0,2199432,18000000,,696432,0,0,247622,0,,7000000,,9000000,0,474099451,,,,,,,,,,,,,,,,,,,,,,
27/03/2020,0,58549551,178180058,63000000,83000000,12950000,0,12000000,38000000,,0,0,0,979228,0,,0,,0,3000000,449658837,,,,,,,,,,,,,,,,,,,,,,
30/03/2020,0,17205337,80497737,10797701,8965418,2311006,0,12761211,20000000,,1000000,0,0,,0,,14018,,0,5000000,158552428,,,,,,,,,,,,,,,,,,,,,,
31/03/2020,0,38294090,60163904,17074907,105782707,3407000,27800,15000000,48000000,,3000000,0,100000,2000000,0,,5000000,,5000000,976387,303826795,,,,,,,,,,,,,,,,,,,,,,
01/04/2020,0,52632003,204680240,2100638,28187889,5622135,0,158392997,9165850,,451408,0,0,2000000,0,,390034,,0,0,463623194,,,,,,,,,,,,,,,,,,,,,,
02/04/2020,0,90218380,54543986,3243765,148884798,2427075,0,2765058,0,,3545613,0,0,305120,1788077,,390034,,4258336,2822898,315193140,,,,,,,,,,,,,,,,,,,,,,
03/04/2020,0,21133000,70503946,13253898,158673108,107298780,0,4791773,79749,,946076,0,1000000,628782,25748123,,53089,,101639,6419338,410631301,,,,,,,,,,,,,,,,,,,,,,
06/04/2020,0,8820777,126215861,30872104,59648203,45768581,0,16593403,30000,,493492,0,0,620062,0,,0,,0,1981536,291044019,,,,,,,,,,,,,,,,,,,,,,
07/04/2020,0,26548364,93706793,60947076,66147113,90858111,0,48084564,34481,,0,0,0,0,21500000,,105000,,205531,0,408137033,,,,,,,,,,,,,,,,,,,,,,
08/04/2020,0,20982366,99820907,20797431,69528991,58457368,0,39699236,12150000,,0,0,0,1522000,21500000,,47648,,40106,9940563,354486616,,,,,,,,,,,,,,,,,,,,,,
09/04/2020,0,60055131,156287930,9860536,126594229,40777594,0,42264770,21400,,0,6715,0,475596,3209132,,0,,0,4018162,443571195,,,,,,,,,,,,,,,,,,,,,,
14/04/2020,0,22094890,72771987,7236253,124799284,18990274,0,618293194,0,,1373518,0,0,111700,500000,,0,,29252,5778895,871979247,,,,,,,,,,,,,,,,,,,,,,
15/04/2020,0,21925729,56246040,100944767,174102681,3300143,0,11335581,8000000,,38595,0,0,0,0,,0,,63361,1386512,377343409,,,,,,,,,,,,,,,,,,,,,,
16/04/2020,0,26028875,55923824,19168421,210919055,115952500,0,31494495,8019759,,0,0,4916850,12000000,27499210,,0,,2485762,104710,514513461,,,,,,,,,,,,,,,,,,,,,,
17/04/2020,0,19384035,15648294,47601103,196468768,108613500,2479957,67791383,9644743,,0,0,4916850,4930532,30500000,,0,,423479,933430,509336074,,,,,,,,,,,,,,,,,,,,,,
20/04/2020,0,11946707,84351308,73660335,274375278,100433470,2592037,15560213,21224000,,0,0,1446850,4000000,5267561,,0,,1861319,0,596719078,,,,,,,,,,,,,,,,,,,,,,
21/04/2020,0,13822335,99423477,121756602,134221216,67781262,0,20638010,28041156,,7000,0,2446850,9310096,5000000,,0,,9719,0,502457723,,,,,,,,,,,,,,,,,,,,,,
22/04/2020,0,35472176,209107938,45150134,38785666,50929005,20000,5257000,56982000,,519771,0,3390784,1148383,0,,8131,,1057465,10339744,458168197,,,,,,,,,,,,,,,,,,,,,,
23/04/2020,0,33459740,204044837,29158695,106847923,15833157,0,18413259,52509880,,519771,0,0,1148383,1000000,,1046391,,0,0,463982036,,,,,,,,,,,,,,,,,,,,,,
24/04/2020,0,37033304,167933598,38326053,39127767,25851042,0,2545088,45102410,,958213,0,2195000,154218,20000,,819649,,0,0,360066342,,,,,,,,,,,,,,,,,,,,,,
27/04/2020,0,38007732,100104055,6177139,8270763,13095192,0,16925445,10999999,,0,0,0,0,0,,2483382,,0,0,196063707,,,,,,,,,,,,,,,,,,,,,,
28/04/2020,0,51825078,64144106,95362623,16335612,12011163,7182,92240845,196304,,4317686,0,0,0,150000,,263635,,0,0,336854234,,,,,,,,,,,,,,,,,,,,,,
29/04/2020,0,29777938,127196060,120086885,37976577,85583265,0,37552246,22808598,,1352952,0,5468000,5571719,10038000,,57412,,0,500000,483969652,,,,,,,,,,,,,,,,,,,,,,
30/04/2020,0,59500810,82494106,41459178,84455298,38936002,960814,13212056,64421955,,7855612,0,5468000,17804149,30345925,,0,,0,600000,447513905,,,,,,,,,,,,,,,,,,,,,,
04/05/2020,0,32037890,119287304,100502201,80827315,2898143,960814,80813817,73818000,,5788459,0,5468000,0,213500,,0,,0,0,502615443,,,,,,,,,,,,,,,,,,,,,,
05/05/2020,0,40745007,30183531,51363131,40617969,131046,200000,310449,12487418,,2092282,0,0,405786,251200,,0,,49255,0,178837074,,,,,,,,,,,,,,,,,,,,,,
06/05/2020,0,74302344,76687929,77813861,88267049,12215096,0,15454506,63116437,,1900274,0,0,0,0,,61000000,,0,0,470757496,,,,,,,,,,,,,,,,,,,,,,
07/05/2020,0,61053867,119563169,27307937,89381074,39155582,0,10320040,0,,4000000,0,2892020,26619,6115,,0,,0,0,353706423,,,,,,,,,,,,,,,,,,,,,,
08/05/2020,0,39200974,69892884,17287676,18832132,47499234,5000000,5249721,6846022,,526749,0,5784040,10010739,812699,,0,,0,0,226942870,,,,,,,,,,,,,,,,,,,,,,
11/05/2020,0,34779826,80182567,183170892,61082477,28008804,89263,106130529,17579141,,1305500,50000,0,0,16443321,,61000000,,0,0,589822320,,,,,,,,,,,,,,,,,,,,,,
12/05/2020,0,67597697,73133360,87069640,84687757,695812,0,319884022,26897186,,0,0,0,238197,0,,353196,,0,0,660556867,,,,,,,,,,,,,,,,,,,,,,
13/05/2020,0,7479001,123986973,75364949,114682714,3143908,0,102876020,17583900,,0,0,0,0,10736910,,55051291,,0,0,510905666,,,,,,,,,,,,,,,,,,,,,,
14/05/2020,0,58663498,96276437,41184957,85097650,2971854,0,110268897,34887494,,421134,0,0,10833500,992337,,703163,,0,0,442300921,,,,,,,,,,,,,,,,,,,,,,
15/05/2020,0,63261193,156035101,15959538,101611672,31366845,0,6099990,36602013,,4143278,0,3200000,3989684,1120692,,607813,,0,0,423997819,,,,,,,,,,,,,,,,,,,,,,
18/05/2020,0,37422495,132234820,15516704,73070344,7664934,0,7520000,21999510,,17596258,0,2100000,429684,28035802,,1014120,,0,0,344604671,,,,,,,,,,,,,,,,,,,,,,
19/05/2020,0,97479601,156269066,27046139,161399986,8529000,0,14510000,4844043,,7434080,0,0,2084178,13806203,,0,,0,0,493402296,,,,,,,,,,,,,,,,,,,,,,
20/05/2020,0,101104700,133347155,45237934,67161186,919496,616402,21894949,3000978,,0,0,155000000,2858621,2237277,,55000000,,0,0,588378698,,,,,,,,,,,,,,,,,,,,,,
21/05/2020,0,65150377,142878664,58463698,61567576,9100000,316402,9714847,22418985,,1308815,0,97197516,0,1820950,,0,,0,0,469937830,,,,,,,,,,,,,,,,,,,,,,
22/05/2020,0,48612738,108186949,42765945,63312490,59603885,0,32887035,63034110,,5794841,0,146999999,619440,23018078,,0,,0,0,594835510,,,,,,,,,,,,,,,,,,,,,,
26/05/2020,0,138086794,37862922,46148253,36075931,52134670,0,9544219,54925406,,2819212,0,57000000,0,569320,,570000,,0,0,435736727,,,,,,,,,,,,,,,,,,,,,,
27/05/2020,0,28456566,46184866,63371430,58838091,36777732,0,8107162,18121854,,7199369,0,10000000,1360988,2000,,570000,,10528,0,279000586,,,,,,,,,,,,,,,,,,,,,,
28/05/2020,0,47354400,65440336,72904849,16898164,44232611,0,41874918,20931349,,0,0,42000000,0,105500,,80000,,0,0,351822127,,,,,,,,,,,,,,,,,,,,,,
29/05/2020,0,16027902,65448840,51030308,32303629,39518687,0,12080240,31379281,,3778113,0,67188164,0,81107577,,148749,,11293422,0,411304912,,,,,,,,,,,,,,,,,,,,,,
01/06/2020,0,19116815,76778868,32681313,170632071,83931492,284400,3193842,7763245,,250000,0,20000000,0,85224462,,0,,10432732,3201838,513491078,,,,,,,,,,,,,,,,,,,,,,
02/06/2020,0,110832714,77293152,50606639,112426019,74116408,0,12428922,86136375,,0,70000,17580801,0,18476835,,0,,0,0,559967865,,,,,,,,,,,,,,,,,,,,,,
03/06/2020,0,3714558,160462855,18558555,43667071,62263943,0,40648427,27651093,,0,25000000,35000000,0,52161938,,0,,0,2464886,471593326,,,,,,,,,,,,,,,,,,,,,,
04/06/2020,0,19756256,166534628,27587106,40035042,44071909,0,39924197,19216726,,0,0,27249554,97109,44554800,,0,,1979939,0,431007266,,,,,,,,,,,,,,,,,,,,,,
05/06/2020,0,9107567,54556066,46650230,48604650,33871435,0,10576089,20704189,,0,28000000,27083150,374592,60811047,,0,,5400000,0,345739015,,,,,,,,,,,,,,,,,,,,,,
08/06/2020,0,18392613,66856318,37199254,47356531,42462618,23250000,59374173,77290000,,0,25000000,44833596,0,43057212,,0,,20046612,0,505118927,,,,,,,,,,,,,,,,,,,,,,
09/06/2020,0,44100812,25265823,12353363,51764257,71700618,0,59401616,133818598,,0,15000000,50000000,0,7921212,,0,,30127952,688421,502142672,,,,,,,,,,,,,,,,,,,,,,
10/06/2020,0,41060397,43482612,15681427,44688899,69707174,0,50362288,33942250,,0,1225000,20000000,0,2176921,,100014596,,35914614,173954,458430132,,,,,,,,,,,,,,,,,,,,,,
11/06/2020,0,85683742,48164530,18016933,57910985,108755017,1473531,58782647,83929905,,0,1880000,5202814,0,7891294,,84820000,,27769167,0,590280565,,,,,,,,,,,,,,,,,,,,,,
12/06/2020,0,44470938,52945068,22171780,48738318,31326810,6473531,11350700,50800086,,1301000,112000,15202814,808424,48003658,,65000000,,27440053,333214,426478394,,,,,,,,,,,,,,,,,,,,,,
15/06/2020,0,92440147,58056480,41752958,2388842,19766077,5195347,14937290,28085939,,0,12000,5000000,909408,70210910,,45000000,,136208,0,383891606,,,,,,,,,,,,,,,,,,,,,,
16/06/2020,0,40960612,52275122,40692780,7634079,28016367,0,8676647,17114412,,0,0,5000000,477770,24937243,,0,,393282,916133,227094447,,,,,,,,,,,,,,,,,,,,,,
17/06/2020,0,62550991,17987048,22695924,20079677,9877341,9292000,8944801,38115606,,0,2099325,0,0,6057359,,30000000,,24030317,5973871,257704260,,,,,,,,,,,,,,,,,,,,,,
18/06/2020,0,10699862,46561355,31189838,29199796,22859305,11258791,1430023,71492881,,0,20881114,15000000,62902,2154670,,15000000,,23806666,2358517,303955720,,,,,,,,,,,,,,,,,,,,,,
19/06/2020,0,42076380,42466561,8161337,20678147,28758291,1670,9780874,42578543,,0,0,0,0,7740984,,18873000,,0,0,221115787,,,,,,,,,,,,,,,,,,,,,,
22/06/2020,0,7845246,22827112,62557683,16292282,25149904,0,1662361,1208094,,0,0,15000000,0,22177852,,10000000,,20000000,2142620,206863154,,,,,,,,,,,,,,,,,,,,,,
23/06/2020,0,14457310,23619497,31456082,6653284,22872347,133801,21031272,22238322,,181799,1158018,402275,0,16960059,,0,,20021939,1195553,182381558,,,,,,,,,,,,,,,,,,,,,,
24/06/2020,0,49096578,64156783,8600345,11456261,19594631,2700000,11095867,105318,,1349940,0,0,0,17595902,,0,,11893000,253107,197897732,,,,,,,,,,,,,,,,,,,,,,
25/06/2020,0,56456219,27709854,11189186,68358048,37206288,0,39951301,13048204,,2522429,45096400,5058291,0,851352,,0,,31934746,1423916,340806234,,,,,,,,,,,,,,,,,,,,,,
26/06/2020,0,5837877,42926895,7236797,51360031,53870384,0,34558880,95581971,,50000,5000000,5000000,497941,20985293,,20171000,,33932080,3597421,380606570,,,,,,,,,,,,,,,,,,,,,,
29/06/2020,0,2771437,81997715,2614952,10561623,16751495,686231,31667782,103795,,0,35289873,5000000,0,7883065,,68171001,,7320113,2511169,273330251,,,,,,,,,,,,,,,,,,,,,,
30/06/2020,0,21247247,42544297,2641537,28256343,6648790,750360,508481554,6517204,,2093375,10430000,290678,0,9060171,,39121645,,18629605,0,696712806,,,,,,,,,,,,,,,,,,,,,,
01/07/2020,0,26135103,49219300,170963,38561481,58940777,0,58360001,0,,2038267,50002000,0,0,2191444,,19000000,,3187842,4731679,312538857,,,,,,,,,,,,,,,,,,,,,,
02/07/2020,0,54559999,89732200,8579599,33034067,55582373,0,57540104,1479206,,0,0,0,0,2582401,,6000000,,2238833,0,311328782,,,,,,,,,,,,,,,,,,,,,,
03/07/2020,0,10978380,137950611,55847197,37668965,52680245,0,22646802,10929896,,0,15000000,14437,0,5373788,,50000000,,0,1561250,400651571,,,,,,,,,,,,,,,,,,,,,,
06/07/2020,0,25600333,109913779,10617277,50996319,41767922,155672,22356079,36595887,,50000,0,0,0,5109335,,82520000,,80270177,3011900,468964680,,,,,,,,,,,,,,,,,,,,,,
07/07/2020,0,4985680,19760694,12955248,44024221,32455084,0,12776328,49000000,,0,84000,10000000,0,13654846,,50418000,,14848177,290807,265253085,,,,,,,,,,,,,,,,,,,,,,
08/07/2020,0,6980613,29919418,4806882,6847632,30263707,0,12103603,10033351,,0,0,10000000,0,158481062,,10418000,,0,2465121,282319389,,,,,,,,,,,,,,,,,,,,,,
09/07/2020,0,6936094,47216146,1851294,12978717,55217080,607718,7576987,38583000,,0,1000,0,0,74722648,,0,,15000000,9869294,270559978,,,,,,,,,,,,,,,,,,,,,,
10/07/2020,0,798755,46150927,39902399,12742453,115342540,222541,15457318,34634629,,472081,10638894,4800000,0,102792162,,3080000,,15000000,2680888,404715587,,,,,,,,,,,,,,,,,,,,,,
13/07/2020,0,1148292,54498403,30094410,6325782,292120403,190778,188200329,52808489,,0,0,204800000,10612,65917753,,4100975,,0,3528367,903744593,,,,,,,,,,,,,,,,,,,,,,
14/07/2020,0,3638405,67410521,30380006,5998896,108867295,6390778,269835594,361364,,0,0,260000000,0,155025000,,10515806,,2955,4733487,923160107,,,,,,,,,,,,,,,,,,,,,,
15/07/2020,0,18510408,67214516,31963728,3111544,243131511,334419,71231221,48000000,,0,0,160000000,9841,52054077,,18900000,,987039,1840652,717288956,,,,,,,,,,,,,,,,,,,,,,
16/07/2020,0,4425211,125819684,21239575,135836912,241737881,334419,14694999,27217500,,1866686,0,80245150,0,115904541,,18900000,,12141623,0,800364181,,,,,,,,,,,,,,,,,,,,,,
17/07/2020,0,16071031,38264366,13721569,158885887,86675826,0,7230000,53847432,,0,0,141068354,0,12639874,,38923702,,14131632,2843675,584303348,,,,,,,,,,,,,,,,,,,,,,
20/07/2020,0,18382835,154832801,876206,54669031,53321341,142286,57387041,35042877,,3677392,0,68277556,2000000,5989921,,30704137,,5267633,956762,491527819,,,,,,,,,,,,,,,,,,,,,,
21/07/2020,0,37989843,78364910,15721951,39570349,8529828,1917765,23787801,6266653,,0,0,71381709,1305911,6235803,,30000000,,929387,1897166,323899076,,,,,,,,,,,,,,,,,,,,,,
22/07/2020,0,32693765,20508761,1848527,60468172,18607495,1917765,14236756,37862554,,219615,0,41500000,1305911,21331530,,50000000,,103879,0,302604730,,,,,,,,,,,,,,,,,,,,,,
23/07/2020,0,23508079,27934781,6556062,61155691,28291830,2614813,98522593,21762058,,151955,0,60087103,0,5750863,,0,,0,1924709,338260537,,,,,,,,,,,,,,,,,,,,,,
24/07/2020,0,12359561,36453616,10654815,14954058,2505401,3350637,55957800,18254716,,0,0,61801556,0,13397155,,0,,0,134683,229823998,,,,,,,,,,,,,,,,,,,,,,
27/07/2020,0,73130907,10434188,12550145,14502557,26593785,0,24985132,9059077,,0,0,27912746,0,2114500,,0,,16092253,0,217375290,,,,,,,,,,,,,,,,,,,,,,
28/07/2020,0,9833282,31987637,17421233,15204616,5633335,0,12499398,18368173,,2850410,0,11754989,0,11644068,,20000000,,6174347,0,163371488,,,,,,,,,,,,,,,,,,,,,,
29/07/2020,0,72095942,13997365,282181,21250936,6628948,1202220,14697709,19610999,,0,0,26654928,0,13893821,,47130000,,8985464,0,246430513,,,,,,,,,,,,,,,,,,,,,,
30/07/2020,0,31614772,37339645,14671468,21606242,10047680,0,13131391,19047857,,1202439,0,46842878,0,2376624,,13101744,,2784726,2000000,215767466,,,,,,,,,,,,,,,,,,,,,,
03/08/2020,0,25973444,52433554,10729004,112370992,99312342,2700000,6204350,13530559,,1608673,0,600000,69098,253581,,67950,,93918,2066713,328014178,,,,,,,,,,,,,,,,,,,,,,
05/08/2020,0,41564722,59668294,25680618,18290217,20198504,0,15639195,18443966,,2183294,5000000,66972098,69098,407358,,0,,0,69920000,344037364,,,,,,,,,,,,,,,,,,,,,,
06/08/2020,0,15280307,12563476,10720792,14460014,2000000,0,8961133,37232087,,2928105,5103554,114602884,0,17909109,,51444,,337806,0,242150711,,,,,,,,,,,,,,,,,,,,,,
07/08/2020,0,18813156,54515052,6998950,25160042,20058879,0,6693700,5241953,,0,5001600,107426485,71157,23483970,,0,,50292,0,273515236,,,,,,,,,,,,,,,,,,,,,,
10/08/2020,0,3159344,44637404,8402793,7787035,62193096,0,8730045,60963584,,0,2107000,2479217,0,8811113,,192998,,4000000,255424,213719053,,,,,,,,,,,,,,,,,,,,,,
11/08/2020,0,21333026,35511518,9701604,40786677,2266948,0,2797031,94475388,,0,568125,71314589,0,4546217,,1020127,,22985,109260,284453495,,,,,,,,,,,,,,,,,,,,,,
12/08/2020,0,378472,27761429,5892768,47054247,61204042,523181,5738480,72774566,,300766,26200,31727490,0,4204999,,0,,162092,0,257748732,,,,,,,,,,,,,,,,,,,,,,
13/08/2020,0,11703535,66049406,13296317,25008082,13248407,3129368,5897771,19541179,,0,69000,25033636,0,207704,,0,,412388,0,183596793,,,,,,,,,,,,,,,,,,,,,,
14/08/2020,0,8644236,65811450,9155038,3792544,8109809,0,3579812,48851141,,1257630,0,12915477,0,2021270,,0,,355148,0,164493555,,,,,,,,,,,,,,,,,,,,,,
17/08/2020,0,12531401,86407048,98265382,4414322,9261781,0,11536276,61908103,,394862,300000,0,200000,20951407,,31014120,,770157,0,337954859,,,,,,,,,,,,,,,,,,,,,,
18/08/2020,0,20836686,63492275,100002361,3227856,31110227,0,28202443,29239841,2221202,0,0,10000000,200000,115500,,0,,0,0,288648391,,,,,,,,,,,,,,,,,,,,,,
19/08/2020,0,525772,9204462,83495597,801511,22424094,0,28127750,12818080,7884260,0,210000,30098781,0,1217094,,84028,,716335,0,197607764,,,,,,,,,,,,,,,,,,,,,,
20/08/2020,0,108647,30695360,94789839,3933182,29602227,0,21195297,73227471,400987,4025343,480809,3011792,0,51000,,1987120,,0,0,263509074,,,,,,,,,,,,,,,,,,,,,,
21/08/2020,0,23961317,29478332,40966979,5565151,19989181,0,12100467,742092,17500604,3313705,0,431000,0,133937,,0,,0,0,154182765,,,,,,,,,,,,,,,,,,,,,,
24/08/2020,0,20766197,76730346,13521550,57613043,10812291,0,6594750,14743529,6953084,0,312093,15000000,0,3619533,,0,,320953,0,226987369,,,,,,,,,,,,,,,,,,,,,,
25/08/2020,0,13953804,19305058,22495815,24356964,2261802,371395,22401978,44171341,285000,0,0,17066850,0,911419,,0,,0,30500,167611926,,,,,,,,,,,,,,,,,,,,,,
26/08/2020,0,10748010,43735726,9568006,28307085,5171109,371395,3796410,51673460,2876623,0,465030,6843148,0,137252,,0,,12405995,0,176099249,,,,,,,,,,,,,,,,,,,,,,
27/08/2020,0,4977772,39207631,29741098,7008642,18311143,0,8098585,71811386,13082052,853976,101000,5955665,0,292251,,9819000,,0,0,209260201,,,,,,,,,,,,,,,,,,,,,,
28/08/2020,0,17732356,48531284,39974551,13039398,13925707,0,602737,41010766,11591630,0,0,19360308,0,4803400,,9819000,,0,1835265,222226402,,,,,,,,,,,,,,,,,,,,,,
31/08/2020,0,63283841,63809025,46512407,57139528,3000000,9970676,5996657,8582100,5226153,73683,0,27274072,32948,10480690,,4928728,,10515796,3379760,320206064,,,,,,,,,,,,,,,,,,,,,,
01/09/2020,0,17893577,39420284,71227422,33117109,4923064,53735,4218236,21135756,11400000,1366773,19000,8616520,0,16821785,,1000000,,2200000,3473817,236887078,,,,,,,,,,,,,,,,,,,,,,
02/09/2020,0,1510772,37839425,31162865,11891381,5900000,107466,6962982,10045228,532491,0,0,4774829,0,6717590,,32000000,,3000000,4843275,157288304,,,,,,,,,,,,,,,,,,,,,,
03/09/2020,0,1039059,57314831,27528722,16497560,345968,660000,6182972,60785035,3183721,153313,0,5243607,0,152500,,7000000,,3000000,196123,189283411,,,,,,,,,,,,,,,,,,,,,,
04/09/2020,0,9360676,65629461,29150778,34744604,1276135,3470222,20763533,13112754,3248979,0,0,11076466,0,819270,,6000000,,5000000,3000000,206652878,,,,,,,,,,,,,,,,,,,,,,
07/09/2020,0,37864361,46615248,8404524,21157277,1542642,0,112182288,1008536,2681996,78578,0,4030973,,239987,,1115000,,2000000,4500000,243421410,,,,,,,,,,,,,,,,,,,,,,
08/09/2020,0,700407,85359973,12806941,41580018,4828000,0,15668183,11661890,34666756,0,50000,0,0,258000,,1115000,,2893814,7248152,218837134,,,,,,,,,,,,,,,,,,,,,,
09/09/2020,0,48542551,90266696,28456203,27728992,4581928,0,180805626,4069624,30562326,50000,0,3406686,0,6704496,,9115000,,3000000,0,437290128,,,,,,,,,,,,,,,,,,,,,,
10/09/2020,0,4536633,92498061,145414777,4137084,7986468,0,184468331,65101028,283300,0,0,1336853,0,831000,,9074749,,3043277,0,518711561,,,,,,,,,,,,,,,,,,,,,,
11/09/2020,0,27561853,40709462,571836625,25672163,9096683,0,25416466,15055205,5018100,820730,17760000,3850631,0,5659051,,8000000,,3000000,0,759456969,,,,,,,,,,,,,,,,,,,,,,
14/09/2020,0,200034,13048685,468500160,7049581,11796000,13192,10044660,15092479,15040000,244913,0,4432000,0,5344600,,0,,50714,0,550857018,,,,,,,,,,,,,,,,,,,,,,
15/09/2020,0,6569806,91247375,14909277,24736785,14048994,0,6130468,26531814,24183199,100349,0,9104740,0,1629261,,11600000,,696879,0,231488947,,,,,,,,,,,,,,,,,,,,,,
16/09/2020,0,38387845,56799940,11707382,37832070,45693535,579318,1402682,49173383,10061228,0,0,12714200,1000000,2627155,,10000000,,6762895,1653026,286394659,,,,,,,,,,,,,,,,,,,,,,
17/09/2020,0,10308355,73302198,11119084,66084441,45669245,606835,10389840,17013000,10561228,0,0,26335969,0,9070570,,5000000,,2467842,2245648,290174255,,,,,,,,,,,,,,,,,,,,,,
18/09/2020,0,31172958,114041662,59100729,371445194,45392214,111600,3536734,47946689,1689484,0,0,26341018,0,1135414,,9550990,,525088,6412046,718401820,,,,,,,,,,,,,,,,,,,,,,
22/09/2020,0,44078826,43591007,150284365,53448248,14782469,0,3881382,45627917,12896900,531060,0,27500000,0,741169,,17315000,,3327910,1716332,419722585,,,,,,,,,,,,,,,,,,,,,,
23/09/2020,0,5428607,86846372,99185317,74750883,35432100,1921029,20280044,45511841,121770782,0,350000,16947508,1000000,453963,,12456990,,39878,5052780,527428094,,,,,,,,,,,,,,,,,,,,,,
24/09/2020,0,21602153,46944418,13840914,52798713,41169089,30000,9094419,31036641,7794000,1497597,350000,41037000,0,3177736,,1024889,,5006776,0,276404345,,,,,,,,,,,,,,,,,,,,,,
25/09/2020,0,3071362,53954091,126041687,42126567,95741630,0,2540281,57158459,11336195,0,0,58808295,0,3673449,,1151243,,0,7278001,462881260,,,,,,,,,,,,,,,,,,,,,,
28/09/2020,0,6789157,103934521,41569573,86639224,81774779,390593,9890277,55968151,87484070,1078000,0,11040000,1000000,12765141,,15546342,,0,495495,516365323,,,,,,,,,,,,,,,,,,,,,,
29/09/2020,0,16706739,212874365,25427585,69769073,20943760,0,10122613,59242559,8154199,1325204,0,5686600,0,11220147,,52724000,,985012,0,495181856,,,,,,,,,,,,,,,,,,,,,,
30/09/2020,0,44220987,54696999,132174992,130760503,23413040,3799923,31971151,58414019,22908525,467544,0,8172000,0,14478364,,39788806,,0,9490696,574757549,,,,,,,,,,,,,,,,,,,,,,
01/10/2020,0,571787,57313782,71272941,104398064,30770917,0,43164078,2197568,10499466,0,0,4454300,0,116985104,,21757748,,0,1561250,464947005,,,,,,,,,,,,,,,,,,,,,,
02/10/2020,0,44503966,118517493,5965163,247049352,31717207,0,54553125,8102144,210423,0,0,20970500,0,491108,,0,,0,0,532080481,,,,,,,,,,,,,,,,,,,,,,
05/10/2020,0,5282372,107833566,58214435,24388683,5358430,0,57442000,17034876,0,287659,0,39960700,0,24176423,,12682297,,2241764,4660064,359563269,,,,,,,,,,,,,,,,,,,,,,
06/10/2020,0,5032322,163229642,76990802,60938535,3372990,0,65403882,51025202,687178,94613,0,20021000,0,12882131,,18319828,,60000000,0,537998125,,,,,,,,,,,,,,,,,,,,,,
07/10/2020,0,41700,63066908,201777718,90590664,19126829,0,400712678,50542932,4700408,0,0,1000000,0,2867100,,18013153,,55000000,455886,907895976,,,,,,,,,,,,,,,,,,,,,,
08/10/2020,0,127969,26564283,73726850,40124782,48683409,0,38560338,19284310,3549570,0,0,974000,0,7170506,,8336154,,5000000,5108781,277210952,,,,,,,,,,,,,,,,,,,,,,
09/10/2020,0,10340215,51985848,48104949,48809396,55854566,0,62541078,69167022,0,0,0,20109607,0,11446638,,7731554,,70000000,4465332,460556205,,,,,,,,,,,,,,,,,,,,,,
12/10/2020,0,11534491,98746322,47685505,87527389,32372986,0,3238882,39074680,0,0,0,3500000,0,12661885,,0,,110000000,120233,446462373,,,,,,,,,,,,,,,,,,,,,,
13/10/2020,0,38868,87735778,37746480,8200626,27878554,0,2594285,108583867,0,314000,0,20804720,0,7557745,,195594,,20000000,837168,322487685,,,,,,,,,,,,,,,,,,,,,,
14/10/2020,0,31849,34838650,11381129,5347369,26386985,0,10110000,33304897,0,0,0,0,0,900500,,453935,,55889528,1372661,180017503,,,,,,,,,,,,,,,,,,,,,,
15/10/2020,0,15134801,59972744,27194600,32954607,24573052,0,26132941,29077807,898175,0,0,256389,0,5687790,,0,,25063862,1599203,248545971,,,,,,,,,,,,,,,,,,,,,,
16/10/2020,0,29086400,121134125,47608590,6729298,195500,0,10651688,60784245,0,0,0,5019132,0,25122300,,117355,,41740010,1121183,349309826,,,,,,,,,,,,,,,,,,,,,,
19/10/2020,0,11747603,109797215,49347252,17432203,11289773,30000,955142,44095062,50000000,2400000,0,5473500,98213,1830750,,538572,,978680,43918,306057883,,,,,,,,,,,,,,,,,,,,,,
20/10/2020,0,27000908,123577296,50964504,16286050,31411753,10797,5686157,31360682,2574942,55031,0,0,0,8838693,,259066,,46444,0,298072323,,,,,,,,,,,,,,,,,,,,,,
21/10/2020,0,39618818,53153864,42401898,11549248,22590819,117233,5392784,78740255,1476848,0,0,0,0,4251047,,80000,,5000000,2000000,266372814,,,,,,,,,,,,,,,,,,,,,,
22/10/2020,0,10564897,103829234,13641882,12629089,41757499,117233,22719790,80769081,1306848,0,23372934,631789,0,40346325,,814558,,3380886,2134683,358016728,,,,,,,,,,,,,,,,,,,,,,
23/10/2020,0,21593968,124063288,47642762,529040796,43500710,15000000,21657242,57929960,9261007,0,26491734,800000,0,40714104,,0,,5108409,60166,942864146,,,,,,,,,,,,,,,,,,,,,,
26/10/2020,0,1461006,39545517,40236413,462139060,18074948,15000000,7842757,121915168,10499349,0,4597086,3157732,0,4849178,,2050828,,9501493,0,740870535,,,,,,,,,,,,,,,,,,,,,,
27/10/2020,0,4071459,93123982,18138447,20399383,11878940,0,33672357,56864850,48593936,373710,114973,2815543,0,5311132,,2183059,,31049327,0,328591098,,,,,,,,,,,,,,,,,,,,,,
28/10/2020,0,3462571,68256413,11353587,38425648,5135186,560798,41737183,7406692,63294004,0,2742746,28532,0,4627684,,0,,15855480,1099049,263985573,,,,,,,,,,,,,,,,,,,,,,
29/10/2020,0,139120,70275007,45646034,15122157,30271982,2198470,43661055,153628675,57756641,2944532,0,179377,,4804288,,2000000,,3065948,1000000,432693286,,,,,,,,,,,,,,,,,,,,,,
30/10/2020,0,12982,53467095,61719465,21606387,84479585,2103921,248063164,68706113,15750757,0,0,1074300,0,19772724,,2265000,,19219031,233889,598474413,,,,,,,,,,,,,,,,,,,,,,
02/11/2020,0,3837933,62577346,15682305,9642552,22023193,4913,100575521,99079191,64340083,0,107175,9541,0,11994935,,4106000,,32709135,0,426689823,,,,,,,,,,,,,,,,,,,,,,
03/11/2020,0,500000,6090452,13030657,6252264,83907315,3516063,67468610,36458265,9297985,4330635,2087325,20200000,0,5640969,,6530200,,10000000,0,275310740,,,,,,,,,,,,,,,,,,,,,,
04/11/2020,0,553644,84180473,21143144,159003006,26286573,2015321,71461574,20012108,84137,0,912675,0,0,4634504,,0,,83334,0,390370493,,,,,,,,,,,,,,,,,,,,,,
05/11/2020,0,5821,28053179,53016945,111545489,8504901,796734,87217963,87006018,26785098,0,3000000,21144095,0,31019350,,48570000,,23937936,0,530603529,,,,,,,,,,,,,,,,,,,,,,
06/11/2020,0,243762,70849499,54127606,25191894,3620729,2148310,40086548,11691281,42508804,0,71152,415953,0,23277286,,15577998,,23581000,255424,313647246,,,,,,,,,,,,,,,,,,,,,,
09/11/2020,0,30082820,66185493,68968638,47430415,16816766,4872243,38196975,39067678,29500000,0,3000000,0,0,48752890,,42556240,,36592078,0,472022236,,,,,,,,,,,,,,,,,,,,,,
10/11/2020,0,555000,47993870,92157592,358539090,34993729,450274,84879638,79984579,29981857,93653,0,0,0,28957925,,75466300,,48309000,39981,882402488,,,,,,,,,,,,,,,,,,,,,,
11/11/2020,0,15642,49437725,100157603,36644925,13994748,0,5106836,49877830,1722,0,0,1015000,0,11647573,,22251291,,0,0,290150895,,,,,,,,,,,,,,,,,,,,,,
12/11/2020,0,15641,58802676,46409006,54311746,19808790,1265372,27101208,51683894,0,0,0,1696448,0,13171503,,0,,0,0,274266284,,,,,,,,,,,,,,,,,,,,,,
13/11/2020,0,1380135,84262079,71747498,102043330,2794677,2216134,19855775,21806556,134165,1663408,0,3304627,0,23951229,,0,,9755,5000000,340169368,,,,,,,,,,,,,,,,,,,,,,
16/11/2020,0,14394,67786296,12136200,139526370,13818554,0,43233515,8639737,4847018,0,130688,2347000,0,109460744,,0,,923490,5000000,407864006,,,,,,,,,,,,,,,,,,,,,,
17/11/2020,0,3494,73059343,42787886,112405029,11014275,0,9028938,6261406,12171348,6786668,0,1909287,0,177028463,,1797280,,1268290,5000000,460521707,,,,,,,,,,,,,,,,,,,,,,
18/11/2020,0,19197,131470553,19443438,44600542,12167643,2899,1152290,5906480,98370908,5444,5000000,0,0,71750600,,1449668,,0,1000000,392339662,,,,,,,,,,,,,,,,,,,,,,
19/11/2020,0,1215,79001226,60673861,75679195,15724761,123785,811710,12620472,7947067,2306412,18230000,100000,0,1869789,,32685329,,2218,0,307777040,,,,,,,,,,,,,,,,,,,,,,
20/11/2020,0,3114761,39614513,44538066,106558976,60826151,7378642,11183186,7546604,1545179,17361049,48148857,797229,0,58651467,,0,,232885,2196123,409693688,,,,,,,,,,,,,,,,,,,,,,
23/11/2020,0,0,263921366,12233103,43828465,19726410,700000,2237548,15366169,2809363,1184054,54648101,0,0,6147224,,5300000,,173599,2000000,430275402,,,,,,,,,,,,,,,,,,,,,,
24/11/2020,0,0,44951309,52120952,49418351,3611600,700000,133620387,30945828,3647765,0,25000000,100000,0,792078,,5300000,,245081,0,350453351,,,,,,,,,,,,,,,,,,,,,,
25/11/2020,0,5538,60920389,38187129,166441459,7764152,5781000,32294397,14426740,6473640,777064,10000000,65000,0,11911366,,0,,4609294,0,359657168,,,,,,,,,,,,,,,,,,,,,,
26/11/2020,0,3697000,55789075,52812909,87425139,324080,0,51947258,7800300,21962000,2874100,2000000,0,0,50000,,0,,5945647,0,292627508,,,,,,,,,,,,,,,,,,,,,,
27/11/2020,0,94665,59053925,76949920,155607993,15725775,9811510,166199103,41992188,130542571,224142,2817289,1937400,0,16580478,,300000000,,0,222234,977759193,,,,,,,,,,,,,,,,,,,,,,
30/11/2020,0,129970,201150639,74350493,79162259,327644,9700000,50720141,13265328,15319706,112071,82800,580000,0,1828230,,100095845,,142424,511650,547479200,,,,,,,,,,,,,,,,,,,,,,
01/12/2020,0,0,87308484,60543389,59135681,691700,2465016,5463669,54058066,6258000,6212177,447431,0,0,7216027,,100000000,,0,2708224,392507864,,,,,,,,,,,,,,,,,,,,,,
02/12/2020,0,0,142286035,68918660,78685676,20220000,0,10805135,12802970,20073901,985852,112178,4736566,0,6391149,,70000000,,0,1259223,437277345,,,,,,,,,,,,,,,,,,,,,,
03/12/2020,0,0,142286035,68918660,78685676,20220000,0,10805135,12802970,20073901,985852,112178,4736566,0,6391149,,70000000,,0,1259223,437277345,,,,,,,,,,,,,,,,,,,,,,
04/12/2020,0,0,21386904,7798867,197873815,61055977,4837,22338361,186267325,18888584,0,4985,7638967,0,10255695,,23548600,,0,0,557062917,,,,,,,,,,,,,,,,,,,,,,
08/12/2020,0,0,43102916,92625684,403197732,38530198,0,43734496,284638695,17410229,0,0,0,0,29787577,,70000000,,0,0,1023027527,,,,,,,,,,,,,,,,,,,,,,
09/12/2020,0,0,93824386,19806812,309844281,1718783,0,55523929,180543315,1137306,0,30024999,1918208,0,6087299,,0,,2085192,173954,702688464,,,,,,,,,,,,,,,,,,,,,,
10/12/2020,0,0,66821632,12426316,188973676,135795,0,31156087,280140967,39599498,0,0,938826,0,10323668,,16475649,,1249886,100000,648342000,,,,,,,,,,,,,,,,,,,,,,
11/12/2020,0,0,102898683,38335778,177748392,6871125,20443.72,27143669,143904806,72977786,1989651.46,194045,5937143,0,18772218.37,,81048038,,960929,333214,679135921.6,,,,,,,,,,,,,,,,,,,,,,
14/12/2020,0,0,108895372,20489604,183111480,43476890,6200000,107977896,81791142,9925229,432788,0,604886,0,37648286,,188271400,,0,0,788824973,,,,,,,,,,,,,,,,,,,,,,
15/12/2020,0,0,67039076,10444322,174023714,41804173,0,117428404,291339038,6124043,0,221920,38200000,0,761068,,32343434,,35300000,0,815029192,,,,,,,,,,,,,,,,,,,,,,
16/12/2020,0,0,63116246,16206111,88507462,92948803,40300,79804365,158767331,431910,437045,2444496,10700444,0,63446768,,0,,0,0,576851281,,,,,,,,,,,,,,,,,,,,,,
17/12/2020,0,0,59600871,14260878,76553574,25336682,2451302,69799586,178014000,30695146,2928430,200000,20150000,0,614024369,,41467,,2374209,595971,1097026485,,,,,,,,,,,,,,,,,,,,,,
18/12/2020,0,0,41878411,19827450,114999915,6350063,900000,90762561,33891869,68991572,750000,0,58563000,0,499883,,0,,35300000,1307258,474021982,,,,,,,,,,,,,,,,,,,,,,
21/12/2020,0,0,97273006,15285076,237566000,2462042,0,7460529,10525000,61834000,500000,2033867,4048253,0,89105131,,6564000,,0,700000,535356904,,,,,,,,,,,,,,,,,,,,,,
22/12/2020,0,0,145015020,26915215,320356963,25976110,0,7627364,111340938,10545865,3793090,20155087,650936,0,49520618,,3289909,,134652,35404471,760726238,,,,,,,,,,,,,,,,,,,,,,
23/12/2020,0,0,150003974,17828667,393195382,13283402,299669,29844400,228950880,186738,0,30000000,2173891,0,1887380,,200000,,813269,1756765,870424417,,,,,,,,,,,,,,,,,,,,,,
24/12/2020,0,0,170826833,40171880,108991642,14516396,0,38238624,15501114,9538270,0,18628876,15481199,0,2134617,,1588016,,155867,5721283,441494617,,,,,,,,,,,,,,,,,,,,,,
29/12/2020,0,0,40919366,15017223,78418924,19741,0,77034668,170315025,235300,0,1177003,0,0,22104628,,16853,,98024,2394472,407751227,,,,,,,,,,,,,,,,,,,,,,
30/12/2020,0,0,112417101,63310884,21863523,3701219,9150634,70901640,28595836,9773619,463702,5516445,2100000,0,64901116,,0,,0,2686604,395382323,,,,,,,,,,,,,,,,,,,,,,
31/12/2020,0,0,29963324,46395660,96498728,2254088,3316736,50694124,9068781,775757,950000,10387,10000000,81400,49753396,,0,,2647378,511002,302920761,,,,,,,,,,,,,,,,,,,,,,
04/01/2021,0,0,28441485,3712651,162328212,411950, -   ,34585248,109941991,40151754, -   ,30000000,13786500, -   ,28686449,,6471,, -   ,2938865,454991576,,,,,,,,,,,,,,,,,,,,,,
05/01/2021,0,0,40679295,51974929,224088257,3331000,303974,44961280,97606941,20990971, -   , -   ,7789807, -   ,1813611,,3275733,,355280,19521554,516692632,,,,,,,,,,,,,,,,,,,,,,
06/01/2021,0,0,64971475,35691312,226055024,35460129, -   ,36388203,13482585,12115495,4657899, -   ,43305489, -   ,5319722,, -   ,,200000,32879428,510526761,,,,,,,,,,,,,,,,,,,,,,
08/01/2021,0,0,115832643,27083969,301709158,27812008,8611,73587791,129990600,,3401385,5925344,34999784,,9712835,,,,,,730064128,,,,,,,,,,,,,,,,,,,,,,
11/01/2021,0,0,93486316,22209743,262689885,41239486, -   ,50840116,49701074,, -   ,16672522,73002909,,5734469,,,,,,615576520,,,,,,,,,,,,,,,,,,,,,,
12/01/2021,0,0,107237578,20103812,275217647,63407896, -   ,90327516,2899673,,9623,14005430,49338217,,6590710,,,,,,629138102,,,,,,,,,,,,,,,,,,,,,,
13/01/2021,0,0,78212501,43780115,2010774313,39308280, -   ,96851418,65962355,, -   ,14180404,15962467,,4812024,,,,,,2369843877,,,,,,,,,,,,,,,,,,,,,,
14/01/2021,0,0,27807894,50961316,738365417,1010594,19281,49467556,230965000,, -   ,11601987,5000000,,5032300,,,,,,1120231345,,,,,,,,,,,,,,,,,,,,,,
15/01/2021,0,0,76789554,56916284,417195163,8419642,2700000,32128421,217530239,,535540,16792240,10000000,,12886115,,,,,,851893198,,,,,,,,,,,,,,,,,,,,,,
18/01/2021,0,0,48895067,90761120,119312201,12190819, -   ,65145496,128132754,,40000,12217483,40198287,,421989,,,,,,517315216,,,,,,,,,,,,,,,,,,,,,,
19/01/2021,0,0,49499406,37895415,282387908,15683077,8210,94657172,164554690,,600000,5052417,73393610,,3270108,,,,,,727002013,,,,,,,,,,,,,,,,,,,,,,
20/01/2021,0,0,77289923,37166273,163513135,15816092,18475,6864449,56562441,, -   ,1816445,37050000,,344782,,,,,,396442015,,,,,,,,,,,,,,,,,,,,,,
21/01/2021,0,0,63474378,24886531,82308418,10755591,200000,16812145,3207121,,200000,26658863,6600000,,5100454,,,,,,240203501,,,,,,,,,,,,,,,,,,,,,,
22/01/2021,0,0,151926770,124140703,85063057,5857750,21747105,73049956,26771535,, -   ,12766278,6695000,,13311918,,,,,,521330072,,,,,,,,,,,,,,,,,,,,,,
25/01/2021,0,0,19197008,28627282,81706920,4043488, -   ,25635072,11612691,,4122359,5326401,3384916,,10410044,,,,,,194066181,,,,,,,,,,,,,,,,,,,,,,
26/01/2021,0,0,35957092,30894604,344806399,5344178, -   ,63146234,30642442,, -   ,224300,1391612,, -   ,,,,,,512406861,,,,,,,,,,,,,,,,,,,,,,
27/01/2021,0,0,74643209,42717463,402873714,15796314, -   ,26591060,121954262,,4000000,7905003,7600165,,307344,,,,,,704388534,,,,,,,,,,,,,,,,,,,,,,
28/01/2021,0,0,95357616,89736266,291478514,18651288,3172798,19320224,121059716,, -   ,10110960,5306275,,11003045,,,,,,665196702,,,,,,,,,,,,,,,,,,,,,,
29/01/2021,0,0,102370368,61916094,502244238,132228,3035624,39927391,14954559,,14692,6017000,5863924,,23444762,,,,,,759920880,,,,,,,,,,,,,,,,,,,,,,
01/02/2021,0,0,52948042,74910743,441373573,2260002, -   ,49355014,9824076,,3081119,15000,10200000,,10375204,,,,,,654342773,,,,,,,,,,,,,,,,,,,,,,
02/02/2021,0,0,63112937,94118927,219572599,10528848, -   ,48010513,7318885,,1610200,1589984,25629723,,6805481,,,,,,478298097,,,,,,,,,,,,,,,,,,,,,,
03/02/2021,0,0,20687948,15938072,194165620,17731692, -   ,131701768,7888634,,502693,8892975,534523,,25234729,,,,,,423278654,,,,,,,,,,,,,,,,,,,,,,
04/02/2021,0,0,20476388,94536242,283130172,2075000,464887,19989229,7917278,, -   ,9621671,5425065,,662415,,,,,,444298347,,,,,,,,,,,,,,,,,,,,,,
05/02/2021,0,0,6788092,21166299,164673132,2288400,464887,87004209,7352959,,93685,1614834,5425066,,3568947,,,,,,300440510,,,,,,,,,,,,,,,,,,,,,,
08/02/2021,0,0,51585362,16471842,66496393,2144188,60828,597509904,4860403,,7259,6854442,518648,,1171869,,,,,,747681138,,,,,,,,,,,,,,,,,,,,,,
09/02/2021,0,0,51266665,55086365,174359153,201444, -   ,63441017,9816033,,1217400,8269999, -   ,,109551,,,,,,363767627,,,,,,,,,,,,,,,,,,,,,,
10/02/2021,0,0,122287599,21740125,99424335,897, -   ,31047104,16155810,,1310600,11143998,282955,,2626586,,,,,,306020009,,,,,,,,,,,,,,,,,,,,,,
11/02/2021,0,0,151487478,55068102,193399376,427780, -   ,1706735,8256099,,456000,17713628, -   ,,2468537,,,,,,430983735,,,,,,,,,,,,,,,,,,,,,,
12/02/2021,0,0,135989154,22661467,375357437,174300, -   ,4130342,4556475,,1229108,13566909,852058,,3337744,,,,,,561854994,,,,,,,,,,,,,,,,,,,,,,
15/02/2021,0,0,29732311,6283722,118711896,928424,16468,4598071,4467199,,11966,133227, -   ,,1301623,,,,,, -   ,,,,,,,,,,,,,,,,,,,,,,
16/02/2021,0,0,5750535,16902985,18118027,3531861, -   ,25626383,8495743,,10943429,99122,1154539,,929339,,,,,, -   ,,,,,,,,,,,,,,,,,,,,,,
17/02/2021,0,0,19385643,102400727,138118250,1640636, -   ,24196623,19527048,,466448, -   ,1024600,,339288,,,,,,166184907,,,,,,,,,,,,,,,,,,,,,,
18/02/2021,0,0,34982113,67197736,67172479,2804112, -   ,21583461,10466417,,4600727,945699,280408,,31498142,,,,,,91551963,,,,,,,,,,,,,,,,,,,,,,
19/02/2021,0,0,110239405,77995900,24570219,5185111,21756216,27633032,28085434,,8383253,5180000,543,, -   ,,,,,,307099263,,,,,,,,,,,,,,,,,,,,,,
22/02/2021,0,0,110535518,132828428,525774679, -   , -   ,90579106,18638923,,6508070,12500000,61017439,,146092,,,,,, -   ,,,,,,,,,,,,,,,,,,,,,,
23/02/2021,0,0,115131953.9,25848415.23,475962689.6,3604484.05, -   ,21372003.98,16450286.36,,7742148,28483197.46,11816122.15,,214145,,,,,, -   ,,,,,,,,,,,,,,,,,,,,,,
24/02/2021,0,0,35612777,40821157,333841500,3526058,1350000,14896282,445,,1925174,19247734,4959129,,9338948,,,,,,958528255,,,,,,,,,,,,,,,,,,,,,,
25/02/2021,0,0, -   , -   , -   , -   , -   , -   , -   ,, -   , -   , -   ,, -   ,,,,,,706625445.8,,,,,,,,,,,,,,,,,,,,,,
26/02/2021,0,0,69229141,39707390,196173545,2277529,10400,54724108,93640983,,3034383,11637392,25356438,,1775397,,,,,,465519204,,,,,,,,,,,,,,,,,,,,,,
01/03/2021,0,0,61016694,8150515,179630857,65334, -   ,67769390,163837000,, -   ,48052872,9828181,,207569,,,,,, -   ,,,,,,,,,,,,,,,,,,,,,,
02/03/2021,0,0,61532123,60160860,414281854,92820, -   ,5046973,76160354,,4592364,51386339,56281113,,39000,,,,,, -   ,,,,,,,,,,,,,,,,,,,,,,
03/03/2021,0,0,133006917,38415817,305560959,68475776, -   ,26305420,102697623,,2617299,5330772,20118754,,2776878,,,,,,538558412,,,,,,,,,,,,,,,,,,,,,,
04/03/2021,0,0,80508020,82540098,222312560,42014696, -   ,20232800,90008105,,2507936,12535861,60960000,,193100,,,,,,729573800,,,,,,,,,,,,,,,,,,,,,,
05/03/2021,0,0,47131258,4090000,116093190,59155400, -   ,10008708,104204922,,4628656,9400000,39130000,,454000,,,,,,705306215,,,,,,,,,,,,,,,,,,,,,,
09/03/2021,0,0,59872437,16138171,174669890,12425106, -   ,27494286,181758917,, -   ,2871737,32000000,,1086047,,,,,, -   ,,,,,,,,,,,,,,,,,,,,,,
10/03/2021,0,0,81371835,4253573,135935513,5889321,912050,31724229,366614840,, -   ,1008786,25300000,,893449,,,,,, -   ,,,,,,,,,,,,,,,,,,,,,,
11/03/2021,0,0,36059975,20021378,162364548,13531966,1824100,15056328,25338647,, -   ,4091491, -   ,, -   ,,,,,,508316591,,,,,,,,,,,,,,,,,,,,,,
12/03/2021,0,0,35238168,39429955,416360496,25255012,727642,7720204,25703794,,1887552,5097200,131607,,71356,,,,,,653903596,,,,,,,,,,,,,,,,,,,,,,
15/03/2021,0,0,45447073,109950640,538913654,3438730, -   ,12254816,32008749,, -   ,3010346,210194,, -   ,,,,,, -   ,,,,,,,,,,,,,,,,,,,,,,
16/03/2021,0,0,5789000.13,99674702.85,521139611.9,1305145.93,5004717,20739724.78,53059871.2,, -   ,6570097.97,233650.75,,203816,,,,,, -   ,,,,,,,,,,,,,,,,,,,,,,
17/03/2021,0,0,37175963,5058721,300354597,316063, -   ,19497968,9509516,, -   ,2690805,1344843,,951900,,,,,,745234202,,,,,,,,,,,,,,,,,,,,,,
18/03/2021,0,0,96023657,18330753,89855223,5904814, -   ,30160559,63141618,, -   ,5188383,16361083,,1969785,,,,,,713720338.5,,,,,,,,,,,,,,,,,,,,,,
19/03/2021,0,0,91368529,74297843,200877035,8365748,547776,34011743,130641755,,2934692,5909176,15439000,,32930336,,,,,,376900376,,,,,,,,,,,,,,,,,,,,,,
22/03/2021,0,0,68788854,82329431,328645677,96109920,24400000,11260907,187358223,, -   ,197549,200000,,17380530,,,,,, -   ,,,,,,,,,,,,,,,,,,,,,,
23/03/2021,0,0,93497884,95725974,293254407,154409190,10000000,20992454,37700190,, -   ,3912675,4117900,,10266900,,,,,, -   ,,,,,,,,,,,,,,,,,,,,,,
24/03/2021,0,0,137546010,29200624,161720854,23890029,2733845,24430102,75625510,, -   ,5781961,4585000,, -   ,,,,,,816671091,,,,,,,,,,,,,,,,,,,,,,
25/03/2021,0,0,29896838,115383604,197903910,17254863,9100,27917190,15295837,,1051,3867491, -   ,,116974,,,,,,723877574,,,,,,,,,,,,,,,,,,,,,,
26/03/2021,0,0,65271781,85854813,100330474,18142775,1211618,22420633,249019500,, -   ,3153831,626000,, -   ,,,,,,465513935,,,,,,,,,,,,,,,,,,,,,,
29/03/2021,0,0,66734254,143403727,321149991,8204023,1747333,20763544,219945989,, -   ,3786588,153300889,, -   ,,,,,, -   ,,,,,,,,,,,,,,,,,,,,,,
30/03/2021,0,0,28681409,132125801,207800898,15301077,200000,93359243,192989840,,333968,3637595,211537868,,285767,,,,,, -   ,,,,,,,,,,,,,,,,,,,,,,
31/03/2021,0,0,41577266,123442234,115737224,87478837, -   ,39754728,103586730,,2493150,296511,128733145,,272857,,,,,,939036338,,,,,,,,,,,,,,,,,,,,,,
01/04/2021,0,0,155968934,76103779,95372432,42639675, -   ,32111619,161910690,,5200136,937698,25921650,,384000,,,,,,886253466,,,,,,,,,,,,,,,,,,,,,,
06/04/2021,0,0,124365489,54996075,133961118,23142078, -   ,10646565,125406657,,3642450,58000,102843300,,518000,,,,,, -   ,,,,,,,,,,,,,,,,,,,,,,
07/04/2021,0,0,54022326,42657393,24228063,25054899, -   ,8366265,210025794,,280228,2206201,1000000,,675496,,,,,, -   ,,,,,,,,,,,,,,,,,,,,,,
08/04/2021,0,0,125173685,104624099,150702146,28578623,1902221,3750095,114166572,,2828258,884178,115413320,, -   ,,,,,,579579732,,,,,,,,,,,,,,,,,,,,,,
09/04/2021,0,0,138621616,160988884,63842563,1983603,1652556,10837338,167635376,,7259,328317,105222138,,10173,,,,,,368516665,,,,,,,,,,,,,,,,,,,,,,
12/04/2021,0,0,64682475,213375102,202567223,559344, -   ,26537146,22258291,35380528, -   ,147455,37337789,1066293,50000,,,,,, -   ,,,,,,,,,,,,,,,,,,,,,,
13/04/2021,0,0,124650956,99135409,324463576,38322182,4150,37024432,137883162,130434446, -   ,462999,42162261, -   , -   ,,,,,, -   ,,,,,,,,,,,,,,,,,,,,,,
14/04/2021,0,0,23978428,70330429,181172967,18905248, -   ,34746298,162590611,109883545, -   ,100000,53042308,169499, -   ,,28388334,,2050000,7000000,641399980,,,,,,,,,,,,,,,,,,,,,,
15/04/2021,0,0,67041518,96988036,133924953,27426491, -   ,28148046,87841895,82048183,5286777,413000,70438044,100000, -   ,,13964052,,17034,10000,948534659,,,,,,,,,,,,,,,,,,,,,,
16/04/2021,0,0,126035580,142028711,214850384,21013329, -   ,22062110,343808601,55927146, -   , -   ,22869002, -   ,235549,,5371691,,972256,2064338,663327618,,,,,,,,,,,,,,,,,,,,,,
19/04/2021,0,0,74453272,84362553,149912678,5293876,23710000,14948650,141661373,36169554,1606754,8135622,16962889,913012,10950000,,26626995,,177126,23449,781174705,,,,,,,,,,,,,,,,,,,,,,
20/04/2021,0,0,107338178,102344866,11520388,3867357, -   ,7876357,68964583,43315076, -   ,13791468,19133778, -   ,5992782,,60719235,, -   ,374908230,1432268543,,,,,,,,,,,,,,,,,,,,,,
21/04/2021,0,0,126504288,50392937,28271784,1050861, -   ,10381139,60434765,44358472,893300,14506753,5027013,3278998,608628,,66915267,,191043,66358627,702545170,,,,,,,,,,,,,,,,,,,,,,
22/04/2021,0,0, -   , -   , -   , -   , -   , -   , -   , -   , -   , -   , -   , -   , -   ,,66709653,,1026200,67402432,519283118,,,,,,,,,,,,,,,,,,,,,,
23/04/2021,0,0, -   , -   , -   , -   , -   , -   , -   , -   , -   , -   , -   , -   , -   ,,67205192,, -   ,85070000,497984130,,,,,,,,,,,,,,,,,,,,,,
26/04/2021,0,0,70385642,50768077,63010262,1197919, -   ,1748050,113580533,91443578,336298,2153627,86962748,9034741,8160999,,68298994,, -   ,15000000,433802872,,,,,,,,,,,,,,,,,,,,,,
27/04/2021,0,0,17141905,150768541,121180539,15710438, -   ,36364483,72404792,26908095,1901850,86896,15153576,1996062,5010,,44507116,,408000,21000000,542382206,,,,,,,,,,,,,,,,,,,,,,
28/04/2021,0,0,93520794,237978788,168832410,25042940,500000,4725114,55094434,22069297,1388650, -   ,18745794, -   ,49895,,13586783,, -   ,40000000,552369257,,,,,,,,,,,,,,,,,,,,,,
29/04/2021,0,0, -   , -   , -   , -   , -   , -   , -   , -   , -   , -   , -   , -   , -   ,,358469,, -   ,32765700,492746356,,,,,,,,,,,,,,,,,,,,,,
30/04/2021,0,0, -   , -   , -   , -   , -   , -   , -   , -   , -   , -   , -   , -   , -   ,,2551052,, -   ,14959961,645459129,,,,,,,,,,,,,,,,,,,,,,
04/05/2021,0,0,15881834,265003200,151746912,52951997, -   ,328592,55755447,30249497,310850,6029340,46229795, -   ,4775,,2961028,,975600,15016039,637292862,,,,,,,,,,,,,,,,,,,,,,
05/05/2021,0,0,35128097,204891633,90340974,122750627, -   ,11382158,48491896,15069308,7288544,969465,29026286, -   ,2837278,,21753729,, -   ,29602613,398372375,,,,,,,,,,,,,,,,,,,,,,
06/05/2021,0,0, -   , -   , -   , -   , -   , -   , -   , -   , -   , -   , -   , -   , -   ,,57037517,,100000,14057156,695686912,,,,,,,,,,,,,,,,,,,,,,
07/05/2021,0,0, -   , -   , -   , -   , -   , -   , -   , -   , -   , -   , -   , -   , -   ,,101366281,,28000,14716446,684286993,,,,,,,,,,,,,,,,,,,,,,
10/05/2021,0,0,136723673,105945959,129369572,17461657, -   ,38546300,90426131,125830154,4460746,5384208,10850000, -   ,1118568,,31372487,, -   ,34062457,345274851,,,,,,,,,,,,,,,,,,,,,,
11/05/2021,0,0, -   , -   , -   , -   , -   , -   , -   , -   , -   , -   , -   , -   , -   ,, -   ,,1677412,22743626,558304493,,,,,,,,,,,,,,,,,,,,,,
12/05/2021,0,0,46631129,142739048,164293426,34183621, -   ,253659,36854048,46061364,2635000,7883145,13596400, -   ,5028414,,923460,,92383,38353378,705486189,,,,,,,,,,,,,,,,,,,,,,
14/05/2021,0,0, -   , -   , -   , -   , -   , -   , -   , -   , -   , -   , -   , -   , -   ,,63202294,,1059037,59384800,623805385,,,,,,,,,,,,,,,,,,,,,,
17/05/2021,0,0,38162494,86739881,211714596,3666188, -   ,4102764,229616271,14777232,5994487,5000000,9290705, -   ,183517,,53028349,,173582,12990554,505169772,,,,,,,,,,,,,,,,,,,,,,
18/05/2021,0,0,81498358.12,45502854.31,485445145.7,74856944.62, -   ,1018267.76,117146575.3,71108307.04,3109724.91,9783356.01,16551038.67, -   , -   ,,11630000,, -   ,13000000,389287174,,,,,,,,,,,,,,,,,,,,,,
19/05/2021,0,0,39545259,52869119,505820910,92860972, -   ,10427641,23183477,61595704,2472355,9638045,17955705,20000000, -   ,,13129558,, -   ,20973889,643351582,,,,,,,,,,,,,,,,,,,,,,
20/05/2021,0,0, -   , -   , -   , -   , -   , -   , -   , -   , -   , -   , -   , -   , -   ,,16348509.56,,5337763.27,13559797.75,941266643,,,,,,,,,,,,,,,,,,,,,,
21/05/2021,0,0, -   , -   , -   , -   , -   , -   , -   , -   , -   , -   , -   , -   , -   ,,65728200,,8040645,12436111,922574143,,,,,,,,,,,,,,,,,,,,,,
24/05/2021,0,0,22296347,103278983,163564275,539993,886677,9412979,77158221,9886251,229502,2021397,78000000,6777259, -   ,,67920134,,5000000,2786321,746592478,,,,,,,,,,,,,,,,,,,,,,
25/05/2021,0,0,33784380,120914911,244906918,393244,1820,7607226,17919287,25175602,800000,7162598,17084469,70346,2861158,,528530,,3869375,10005000,539063377,,,,,,,,,,,,,,,,,,,,,,
26/05/2021,0,0,14074854,108553583,187651601,34843905, -   ,102315682,34959905,39597786,4606884,7315787,43361503,17990,2163000,,62725,,10454794,35189000,519758403,,,,,,,,,,,,,,,,,,,,,,
27/05/2021,0,0, -   , -   , -   , -   , -   , -   , -   , -   , -   , -   , -   , -   , -   ,,527475,,2352000,30825000,512386434,,,,,,,,,,,,,,,,,,,,,,
28/05/2021,0,0, -   , -   , -   , -   , -   , -   , -   , -   , -   , -   , -   , -   , -   ,,333730,,1116000,4519427,585431637,,,,,,,,,,,,,,,,,,,,,,
31/05/2021,0,0,41339033,137366305,269057251,65327834, -   ,40119640,90380398,11244282, -   ,317000,556853, -   ,1569654,,25870982,,712000,106183000,611209923,,,,,,,,,,,,,,,,,,,,,,
01/06/2021,0,0,19626264,75276076,53873542,79583557, -   ,48121596,50043733,14134474, -   ,739413,5994739,468590,78572,,14616274,,35000,23053904,455503696,,,,,,,,,,,,,,,,,,,,,,
02/06/2021,0,0,29463192,46608168,212883864,67681479,100000,50648674,82160009,21765164, -   ,73923,11290249,2062570,98572,,2832092,, -   ,80862020,740972362,,,,,,,,,,,,,,,,,,,,,,
03/06/2021,0,0, -   , -   , -   , -   , -   , -   , -   , -   , -   , -   , -   , -   , -   ,,13672509,, -   , -   ,361613065,,,,,,,,,,,,,,,,,,,,,,
04/06/2021,0,0, -   , -   , -   , -   , -   , -   , -   , -   , -   , -   , -   , -   , -   ,,24832104,,1000,10850797,560519765,,,,,,,,,,,,,,,,,,,,,,
07/06/2021,0,0,85384541,177697444,257643691,38358641, -   ,47853426,64536909,23230189, -   ,277693,7035498,710040,118000,,10702200,,1813,15850797,648622760,,,,,,,,,,,,,,,,,,,,,,
08/06/2021,0,0,207834360,177180511,201516903,80242735, -   ,109314799,85711992,23462000,2827600,192297,3623680,5000000,799928,,5983800,,4317813,6058969,422483606,,,,,,,,,,,,,,,,,,,,,,
09/06/2021,0,0,160007905,110676692,201711301,75171444,11500000,94196798,276952623,11130746, -   ,508501,36249748,10000000,1550,,6187500,,2317813, -   ,711351385,,,,,,,,,,,,,,,,,,,,,,
10/06/2021,0,0, -   , -   , -   , -   , -   , -   , -   , -   , -   , -   , -   , -   , -   ,,5929024,,2317813, -   ,905953642,,,,,,,,,,,,,,,,,,,,,,
11/06/2021,0,0, -   , -   , -   , -   , -   , -   , -   , -   , -   , -   , -   , -   , -   ,,2120431,,1043,3306936,993535718,,,,,,,,,,,,,,,,,,,,,,
14/06/2021,0,0,72250374,21751394,151555984,23509160, -   ,143535939,125747914,40035612, -   ,126119,87025215, -   ,444572,,21701720,,473582,2000432,785929752,,,,,,,,,,,,,,,,,,,,,,
15/06/2021,0,0,8916283,47187613,191837221,62062085, -   ,41250426,116872555,30354303, -   ,10100,93159217, -   ,978000,,248000000,,400000,339813638,1894641688,,,,,,,,,,,,,,,,,,,,,,
16/06/2021,0,0,174665327,2307938,96553397,14185853, -   ,23877408,105710907,15910914,920232,137908,91022203, -   ,42000,,188800610,, -   ,297942822,1152725715,,,,,,,,,,,,,,,,,,,,,,
17/06/2021,0,0, -   , -   , -   , -   , -   , -   , -   , -   , -   , -   , -   , -   , -   ,,87152986,, -   ,109968550,789749339,,,,,,,,,,,,,,,,,,,,,,
18/06/2021,0,0, -   , -   , -   , -   , -   , -   , -   , -   , -   , -   , -   , -   , -   ,,61442986,,170000,122097469,709044542,,,,,,,,,,,,,,,,,,,,,,
21/06/2021, -   , -   ,22688606,18955962,157718469,4943701,  -    ,27622199,39225481,1222219,68600000,54132722,3833622,  -    ,6039678,,4053500,, -   ,45551356,790855403,,,,,,,,,,,,,,,,,,,,,,
22/06/2021,0,0,42967189,37487971,128348999,5862979, -   ,13394045,66983593,917558,538475,10745970,7588815,104000,100000,,808318,, -   ,14394829,495083083,,,,,,,,,,,,,,,,,,,,,,
23/06/2021,0,0,42173435,49026258,77427871,68986, -   ,615765,56977995,3718904,249545,5257864,1761499, -   ,1051642,,15161731,,161000,12531529,432836919,,,,,,,,,,,,,,,,,,,,,,
24/06/2021,0,0, -   , -   , -   , -   , -   , -   , -   , -   , -   , -   , -   , -   , -   ,,4603159,, -   ,75265000,394907753,,,,,,,,,,,,,,,,,,,,,,
25/06/2021,0,0, -   , -   , -   , -   , -   , -   , -   , -   , -   , -   , -   , -   , -   ,,88246046,, -   ,40144835,366720645,,,,,,,,,,,,,,,,,,,,,,
28/06/2021,0,0,36451070,84774991,195764926,29283818, -   ,21286016,172918637,13361264,278215,12046424,11701812,3750588,45000,,83755438,, -   ,23386676,656710939,,,,,,,,,,,,,,,,,,,,,,
29/06/2021,0,0,25876908,224924343,269011871,52760318, -   ,27632966,31088280,11200000, -   ,6630572,10525000,14000, -   ,,34462625,,326000,125638807,1477863592,,,,,,,,,,,,,,,,,,,,,,
30/06/2021,0,0,10831395,261473862,196232318,17709655, -   ,17716021,57610013,6539273, -   ,48513876,10524763, -   , -   ,,83404045,,11299,73696510,738774615,,,,,,,,,,,,,,,,,,,,,,
01/07/2021,0,0, -   , -   , -   , -   , -   , -   , -   , -   , -   , -   , -   , -   , -   ,,26910000,,947006,24342061,711863325,,,,,,,,,,,,,,,,,,,,,,
02/07/2021,0,0, -   , -   , -   , -   , -   , -   , -   , -   , -   , -   , -   , -   , -   ,,12025937,,45000,158024941,797247054,,,,,,,,,,,,,,,,,,,,,,
05/07/2021,0,0,134040885,123993039,29505722,2958931, -   ,35631920,86973747,37951507,70129226,678090,6000000, -   ,118500,,11937610,,135000,23577643,592987269,,,,,,,,,,,,,,,,,,,,,,
06/07/2021,0,0,74852122,262423233,26329203,6894132, -   ,36806628,168713806,202143607,3639257,54522839,89310000, -   , -   ,,7914000,,276695330,20211480,813116320,,,,,,,,,,,,,,,,,,,,,,
07/07/2021,0,0,215330383,214400963,96046283,45304988,95000000,12639712,250607107,54085493,3732473,5892038,41550586,6604961, -   ,,2670041,, -   ,2812377,533463985,,,,,,,,,,,,,,,,,,,,,,
08/07/2021,0,0, -   , -   , -   , -   , -   , -   , -   , -   , -   , -   , -   , -   , -   ,,12514664,, -   ,6950383,945099874,,,,,,,,,,,,,,,,,,,,,,
09/07/2021,0,0, -   , -   , -   , -   , -   , -   , -   , -   , -   , -   , -   , -   , -   ,,22200000,,18000000,11058852,1092453839,,,,,,,,,,,,,,,,,,,,,,
12/07/2021,0,0,29505827,152877161,94614960,98979281, -   ,456595,177621336,121141248,3298491,803661,17050915,7237,1277,,5052196,,10500000,3059,795081476,,,,,,,,,,,,,,,,,,,,,,
13/07/2021,0,0,88139277,272299628,62615331,19272747, -   ,4672606,55928379,25833866,530076,2205171,540000,10658900,25654000,,27946130,, -   ,11610000,724319067,,,,,,,,,,,,,,,,,,,,,,
14/07/2021,0,0,146623421,213380115,92607955,2895123,50000000,26766799,135569011,9034327, -   ,3197112,600000,7613262,24828058,,27303633,,68627,3234492,726964741,,,,,,,,,,,,,,,,,,,,,,
15/07/2021,0,0,88139277,272299628,62615331,19272747,0,4672606,55928379,25833866,530076,2205171,540000,10658900,25654000,,121526536,,0,2000000,691876517,,,,,,,,,,,,,,,,,,,,,,
16/07/2021,0,0,146623421,213380115,92607955,2895123,50000000,26766799,135569011,9034327,0,3197112,600000,7613262,24828058,,65658891,,0,13823,778787897,,,,,,,,,,,,,,,,,,,,,,
19/07/2021,0,0,30345482,91408846,78057231,20199101,70000000,26110807,193839614,12291822,249320,12506567,5423161,4914823,259607,,13086000,,760000,39507825,598960206,,,,,,,,,,,,,,,,,,,,,,
21/07/2021,0,0,124720679,244520117,208921661,11927909,0,3834868,72393118,915359,275480,2567208,3085169,0,,52200479,446368,0,299250,8883230,734990895,,,,,,,,,,,,,,,,,,,,,,
22/07/2021,0,0,2229619,52005770,111282679,16046787,45000000,45247503,67490173,15086287,275480,41209360,294505,0,8000,56278080,,0,260000,30009573,482723816,,,,,,,,,,,,,,,,,,,,,,
23/07/2021,0,0,60202751,122556420,90348984,6299088,50000000,35815779,98117514,22582418,0,943824,1385300,1451879,2005000,30687849,38590923,0,250000,5151582,566389311,,,,,,,,,,,,,,,,,,,,,,
26/07/2021,0,0,7122928,128714253,306862808,804621,20000000,3361000,260444076,154416685,0,34030910,665000,1150318,1015000,46461525,8403614,0,74900,10167013,983694651,,,,,,,,,,,,,,,,,,,,,,
27/07/2021,0,0,52821024,513099039,144491714,1295640,2600000,1317940,271282524,121499340,0,33464686,1000000,0,188071,72227037,18850909,0,20000,10910050,1245067974,,,,,,,,,,,,,,,,,,,,,,
28/07/2021,0,0,49159060,113588384,162880240,10402868,0,559544,365295837,46099348,0,24526480,500000,0,1274855,18757700,27480000,0,151034,28191576,848866926,,,,,,,,,,,,,,,,,,,,,,
29/07/2021,0,0,17620688,44614663,136882768,37845197,220000,12578127,484720227,61871411,0,24825914,3093071,97903,634987,26620713,48780000,0,1563500,17349434,919318603,,,,,,,,,,,,,,,,,,,,,,
30/07/2021,0,0,30997630,98745876,132526859,15500375,0,28085990,418265334,55169441,3018020,25847898,3092822,0,864000,19112648,71917751,0,17150,59253070,962414864,,,,,,,,,,,,,,,,,,,,,,
02/08/2021,0,0,30200558,85077221,183660662,1508770,0,28836398,196134255,8611299,0,16646275,7700000,0,35000,5905207,54746227,0,0,0,619061872,,,,,,,,,,,,,,,,,,,,,,
03/08/2021,0,0,5347794,108183854,333401567,811149,0,6507111,259843870,61596862,0,13856156,147211,0,1011500,9836134,37465792,0,277000,1555000,839841000,,,,,,,,,,,,,,,,,,,,,,
05/08/2021,0,0,12882938,83185199,399777512,50451224,0,15683665,260568598,69080462,0,16078616,,0,1021000,977717,4083000,0,2570000,2146385,918506316,,,,,,,,,,,,,,,,,,,,,,
06/08/2021,0,0,199928,130930297,117705511,10250000,0,20212674,125906455,18937132,0,39638698,255000,0,25036323,830364,8932798,0,0,0,498835180,,,,,,,,,,,,,,,,,,,,,,
09/08/2021,0,0,93478728,201704184,110991172,549104,0,90325526,179213683,6662048,0,13957020,25000000,0,118000,1033522,18236776,0,46400,93505,741409668,,,,,,,,,,,,,,,,,,,,,,
10/08/2021,0,0,73257210,106640500,211046991,5350245,0,5334522,32624456,99446689,0,31988345,229396,0,100000,16196861,77966962,0,0,2068033,662250210,,,,,,,,,,,,,,,,,,,,,,
11/08/2021,0,0,20472588,99573380,84958993,1127948,0,89723163,82442686,29403185,2558683,25095173,202000,0,,15152633,87682552,0,824522,15314337,554531843,,,,,,,,,,,,,,,,,,,,,,
12/08/2021,0,0,454499,125255208,40878270,38623016,0,43268848,48882616,78896940,0,51109537,346761,0,,31591663,22185225,0,0,15235926,496728509,,,,,,,,,,,,,,,,,,,,,,
13/08/2021,0,0,106059414,92933522,118944383,57536162,0,10197500,213062631,64930152,0,4678090,,0,163500,400000,42809913,0,118000,31870332,743703599,,,,,,,,,,,,,,,,,,,,,,
16/08/2021,0,0,6467820,33567176,47410373,30315747,200000,22382519,106803118,26046734,0,2306941,25346957,0,191609,1237054,74362578,0,0,44688090,421326716,,,,,,,,,,,,,,,,,,,,,,
17/08/2021,0,0,100753546,22827133,101698924,41000284,0,13725401,38339027,16921313,0,6283794,2000000,0,519003,26265935,68187130,0,31468,25582965,464135923,,,,,,,,,,,,,,,,,,,,,,
18/08/2021,0,0,190494,94205463,90195486,24153654,1000,10336771,112413642,23601089,0,8660019,5213732,276800,560258,56150724,41810319,0,234757,25000000,493004208,,,,,,,,,,,,,,,,,,,,,,
19/08/2021,0,0,3231698,64882322,65193429,7382364,1202,7665658,92369176,30788792,0,11191768,5000000,340965,1870275,43729972,21984350,0,0,1043498,356675469,,,,,,,,,,,,,,,,,,,,,,
20/08/2021,0,0,149126788,99916128,33535079,9016720,822,29492173,30704358,56166081,4790470,10578912,1600000,340965,,8247174,34143947,0,0,66565360,534224977,,,,,,,,,,,,,,,,,,,,,,
23/08/2021,0,0,20178836,84192462,87497602,18734618,0,12224742,67272746,50517010,2070000,10931389,,0,26858,10848903,23005556,0,0,6957051,394457773,,,,,,,,,,,,,,,,,,,,,,
24/08/2021,0,0,146415077,101927255,70816410,52118738,0,16656057,35368826,48019734,0,88706372,44267,0,266706,97885212,12263900,0,0,71404811,741893365,,,,,,,,,,,,,,,,,,,,,,
25/08/2021,0,0,2918553,57052141,156689551,25865474,0,18857300,51068349,36574766,2000000,66815364,4929261,0,16000,44467326,9882069,0,0,13546933,490683087,,,,,,,,,,,,,,,,,,,,,,
26/08/2021,0,0,217919,81418376,218948231,18961448,0,11367660,49070537,23962462,0,21496294,1363,0,,13712608,5961528,0,50000,44737268,489905694,,,,,,,,,,,,,,,,,,,,,,
27/08/2021,0,0,1807379,71391975,205649983,9102653,14054340,6300116,106038675,20728600,88323,34747336,4419821,0,,8144687,685230,0,0,2823000,485982118,,,,,,,,,,,,,,,,,,,,,,
30/08/2021,0,0,4228971,7106076,60478734,29669384,0,684318,70102736,187950,0,8157726,,0,,530900,410487,0,766806,2538812,184862900,,,,,,,,,,,,,,,,,,,,,,
31/08/2021,0,0,147952,31878140,64766243,28236934,0,21475125,146741084,37427171,0,10046092,20014043,0,110000,9387958,326820,0,0,742915,371300477,,,,,,,,,,,,,,,,,,,,,,
01/09/2021,0,0,18880691,22919989,109207094,274391,0,99498,49624200,63925642,0,58518346,1550000,3068910,326942,0,44150000,0,135417,50491599,423172719,,,,,,,,,,,,,,,,,,,,,,
02/09/2021,0,0,5130731,36163986,89367481,122484119,0,7365029,44724580,128137297,0,49415906,47238,3000000,,122225551,75755890,0,0,70146317,753964125,,,,,,,,,,,,,,,,,,,,,,
03/09/2021,0,0,31136233,60718956,296435361,85647907,0,34118048,14900065,108036837,45000,19518391,1550000,0,20000,73173976,10170690,0,0,60000000,795471464,,,,,,,,,,,,,,,,,,,,,,
06/09/2021,0,0,905563,7348254,167552831,80525055,0,24713878,80263405,136601888,0,49323664,,0,,137015624,55044688,0,0,204747,739499597,,,,,,,,,,,,,,,,,,,,,,
07/09/2021,0,0,1229174,35981881,125436772,26165743,0,25388774,159456824,969158,0,15367609,1700000,,,8095956,628093,,,875,400420859,,,,,,,,,,,,,,,,,,,,,,
08/09/2021,0,0,4525662,70519736,87137707,2899993,108775546,10031043,69089886,24138838,179999999,9384410,,,,63513048,,,,24482885,654498753,,,,,,,,,,,,,,,,,,,,,,
09/09/2021,0,0,64439131,37612403,73436265,10612291,108775546,25487993,109265692,22281571,169391857,23149107,,3016086,,896083,33562793,,,20187862,702114680,,,,,,,,,,,,,,,,,,,,,,
10/09/2021,0,0,248236,17149062,38687191,26838879,3770000,12777568,14989921,59218920,5802105,12334402,200000,100000,,5381778,15434281,,300000,7151943,220384286,,,,,,,,,,,,,,,,,,,,,,