Date/tenure,19s,20s,21s,22s,23s,24s,25s,26s,27s,28s,29s,31s,32s,33s,34s,39s,,,,,,,,,,,,,,,,,,,,,,,
01/03/2019,17.52%,18.92%,19.40%,19.44%,19.26%,19.90%,20.57%,20.69%,,20.80%,0.00%,0.00%,22.00%,,,,,,,,,,,,,,,,,,,,,,,,,,"223,013,488.00"
04/03/2019,17.57%,18.83%,19.17%,19.44%,19.26%,19.90%,20.54%,20.23%,,20.25%,0.00%,0.00%,22.00%,,,,,,,,,,,,,,,,,,,,,,,,,,
05/03/2019,17.96%,18.93%,19.69%,19.44%,19.26%,19.90%,20.41%,21.24%,,20.75%,0.00%,0.00%,22.00%,,,,,,,,,,,,,,,,,,,,,,,,,,
07/03/2019,18.70%,19.27%,18.94%,18.27%,20.71%,19.73%,19.83%,20.68%,,20.75%,0.00%,0.00%,22.00%,,,,,,,,,,,,,,,,,,,,,,,,,,
08/03/2019,18.06%,19.01%,19.57%,19.60%,19.70%,20.71%,19.20%,20.55%,,20.75%,0.00%,0.00%,22.00%,,,,,,,,,,,,,,,,,,,,,,,,,,
11/03/2019,18.35%,18.65%,19.80%,19.60%,20.35%,20.15%,20.52%,20.63%,,20.75%,0.00%,0.00%,22.00%,,,,,,,,,,,,,,,,,,,,,,,,,,
12/03/2019,18.35%,19.52%,19.69%,19.60%,19.92%,20.15%,20.56%,20.54%,,20.75%,0.00%,0.00%,22.00%,,,,,,,,,,,,,,,,,,,,,,,,,,
13/03/2019,18.36%,19.45%,19.16%,20.43%,19.50%,20.20%,20.72%,20.79%,,20.70%,0.00%,0.00%,22.00%,,,,,,,,,,,,,,,,,,,,,,,,,,
14/03/2019,18.36%,19.45%,19.16%,20.43%,19.50%,20.20%,20.72%,20.79%,,20.70%,0.00%,0.00%,22.00%,,,,,,,,,,,,,,,,,,,,,,,,,,
15/03/2019,17.69%,18.83%,20.10%,20.27%,19.50%,20.10%,20.55%,20.33%,,20.80%,0.00%,0.00%,22.00%,,,,,,,,,,,,,,,,,,,,,,,,,,
18/03/2019,17.56%,18.37%,19.44%,20.40%,19.26%,20.30%,20.47%,20.50%,,20.10%,0.00%,0.00%,22.00%,,,,,,,,,,,,,,,,,,,,,,,,,,
19/03/2019,17.56%,18.34%,19.60%,19.78%,20.43%,20.05%,20.90%,20.50%,,20.10%,0.00%,0.00%,22.00%,,,,,,,,,,,,,,,,,,,,,,,,,,
20/03/2019,17.81%,18.66%,19.51%,19.85%,20.23%,20.00%,20.60%,20.42%,,19.85%,0.00%,0.00%,22.00%,,,,,,,,,,,,,,,,,,,,,,,,,,
21/03/2019,17.29%,18.50%,19.26%,19.45%,19.51%,20.03%,20.22%,20.23%,,20.25%,0.00%,0.00%,22.00%,,,,,,,,,,,,,,,,,,,,,,,,,,
22/03/2019,17.30%,18.11%,19.53%,19.21%,19.51%,19.40%,19.66%,20.02%,,20.25%,0.00%,0.00%,22.00%,,,,,,,,,,,,,,,,,,,,,,,,,,
25/03/2019,17.61%,18.38%,19.35%,19.42%,19.21%,19.31%,20.02%,19.75%,,20.19%,0.00%,0.00%,22.00%,,,,,,,,,,,,,,,,,,,,,,,,,,
26/03/2019,18.35%,18.65%,18.98%,19.29%,18.96%,19.33%,19.43%,19.39%,,20.10%,0.00%,0.00%,22.00%,,,,,,,,,,,,,,,,,,,,,,,,,,
27/03/2019,17.96%,17.51%,19.40%,19.40%,18.97%,19.56%,19.88%,19.09%,,19.84%,0.00%,0.00%,22.00%,,,,,,,,,,,,,,,,,,,,,,,,,,
28/03/2019,17.96%,18.86%,18.58%,19.27%,18.93%,19.67%,19.47%,19.05%,,19.84%,0.00%,0.00%,22.00%,,,,,,,,,,,,,,,,,,,,,,,,,,
29/03/2019,17.57%,18.44%,19.07%,19.24%,18.53%,19.48%,19.10%,19.25%,,19.84%,0.00%,0.00%,22.00%,,,,,,,,,,,,,,,,,,,,,,,,,,
01/04/2019,17.10%,18.76%,19.31%,19.26%,19.76%,20.05%,19.53%,19.25%,,19.84%,0.00%,0.00%,22.00%,,,,,,,,,,,,,,,,,,,,,,,,,,
02/04/2019,17.60%,18.55%,19.65%,19.29%,19.05%,19.72%,19.09%,18.99%,,19.84%,0.00%,0.00%,22.00%,,,,,,,,,,,,,,,,,,,,,,,,,,
03/04/2019,17.83%,18.82%,19.12%,19.40%,19.00%,19.47%,19.65%,19.01%,,17.48%,0.00%,0.00%,22.00%,,,,,,,,,,,,,,,,,,,,,,,,,,
04/04/2019,17.47%,18.80%,19.29%,19.26%,19.00%,19.12%,19.65%,18.91%,,19.60%,0.00%,0.00%,22.00%,,,,,,,,,,,,,,,,,,,,,,,,,,
05/04/2019,17.02%,18.95%,18.39%,19.22%,19.00%,19.12%,19.65%,18.91%,,19.52%,0.00%,0.00%,22.00%,,,,,,,,,,,,,,,,,,,,,,,,,,
08/04/2019,17.02%,18.73%,18.97%,19.37%,19.20%,19.12%,19.65%,19.80%,,19.40%,0.00%,0.00%,21.00%,,,,,,,,,,,,,,,,,,,,,,,,,,
09/04/2019,17.50%,18.09%,18.69%,18.90%,19.20%,19.12%,19.65%,19.80%,,19.40%,0.00%,0.00%,20.75%,,,,,,,,,,,,,,,,,,,,,,,,,,
10/04/2019,16.56%,18.16%,19.30%,19.03%,19.20%,19.12%,20.29%,19.75%,,19.40%,0.00%,0.00%,20.90%,,,,,,,,,,,,,,,,,,,,,,,,,,
11/04/2019,16.22%,17.91%,17.43%,19.06%,19.20%,19.12%,19.13%,19.00%,,19.40%,0.00%,0.00%,20.42%,,,,,,,,,,,,,,,,,,,,,,,,,,
12/04/2019,17.06%,19.57%,18.98%,19.33%,19.20%,19.12%,20.09%,19.39%,,19.50%,0.00%,0.00%,20.41%,,,,,,,,,,,,,,,,,,,,,,,,,,
15/04/2019,16.59%,18.79%,19.28%,19.43%,19.20%,19.80%,19.32%,19.40%,,19.47%,0.00%,0.00%,20.00%,,,,,,,,,,,,,,,,,,,,,,,,,,
16/04/2019,17.21%,18.87%,19.01%,18.35%,19.20%,19.80%,19.78%,19.40%,,19.40%,0.00%,0.00%,20.00%,,,,,,,,,,,,,,,,,,,,,,,,,,
17/04/2019,17.60%,18.97%,19.00%,18.41%,19.20%,19.70%,18.84%,19.40%,,19.40%,0.00%,0.00%,19.80%,,,,,,,,,,,,,,,,,,,,,,,,,,
18/04/2019,17.20%,18.50%,19.51%,19.30%,19.20%,19.49%,19.77%,19.78%,,19.40%,0.00%,0.00%,19.55%,,,,,,,,,,,,,,,,,,,,,,,,,,
23/04/2019,17.61%,18.60%,18.94%,17.82%,19.20%,19.75%,19.75%,19.71%,,19.50%,0.00%,0.00%,19.55%,,,,,,,,,,,,,,,,,,,,,,,,,,
24/04/2019,17.65%,18.20%,19.16%,19.25%,19.20%,19.73%,19.75%,19.50%,,19.40%,0.00%,0.00%,19.55%,,,,,,,,,,,,,,,,,,,,,,,,,,
25/04/2019,17.61%,18.55%,19.15%,19.15%,19.20%,19.67%,19.75%,19.78%,,19.40%,0.00%,0.00%,19.50%,,,,,,,,,,,,,,,,,,,,,,,,,,
26/04/2019,17.55%,18.54%,18.96%,19.03%,19.20%,19.62%,19.75%,19.90%,,19.50%,0.00%,0.00%,19.45%,,,,,,,,,,,,,,,,,,,,,,,,,,
29/04/2019,17.52%,18.40%,19.16%,19.05%,19.20%,19.59%,19.18%,19.96%,,19.57%,0.00%,0.00%,19.45%,,,,,,,,,,,,,,,,,,,,,,,,,,
30/04/2019,17.30%,18.50%,19.16%,18.93%,19.20%,19.55%,19.74%,19.58%,,19.57%,0.00%,0.00%,19.45%,,,,,,,,,,,,,,,,,,,,,,,,,,
02/05/2019,17.30%,18.39%,18.89%,18.99%,19.20%,19.66%,19.44%,19.70%,,19.57%,0.00%,0.00%,19.45%,,,,,,,,,,,,,,,,,,,,,,,,,,
03/05/2019,17.43%,18.50%,18.97%,19.06%,19.78%,19.39%,19.80%,19.70%,,19.57%,0.00%,0.00%,20.80%,,,,,,,,,,,,,,,,,,,,,,,,,,
06/05/2019,17.79%,18.55%,19.61%,18.99%,19.70%,19.33%,19.70%,19.70%,,19.57%,0.00%,0.00%,20.52%,,,,,,,,,,,,,,,,,,,,,,,,,,
07/05/2019,17.72%,18.55%,19.12%,19.10%,19.10%,19.50%,19.71%,19.65%,,19.57%,0.00%,0.00%,20.52%,,,,,,,,,,,,,,,,,,,,,,,,,,
08/05/2019,17.72%,18.18%,19.25%,19.22%,19.10%,19.89%,19.55%,19.60%,,20.40%,0.00%,0.00%,20.52%,,,,,,,,,,,,,,,,,,,,,,,,,,
09/05/2019,17.53%,18.30%,18.89%,19.27%,19.91%,19.61%,19.98%,20.14%,,20.40%,0.00%,0.00%,20.50%,,,,,,,,,,,,,,,,,,,,,,,,,,
10/05/2019,17.50%,18.35%,19.25%,19.48%,19.91%,19.77%,20.30%,19.85%,,20.15%,0.00%,0.00%,20.42%,,,,,,,,,,,,,,,,,,,,,,,,,,
13/05/2019,17.40%,18.30%,18.90%,18.91%,19.91%,19.94%,20.13%,20.00%,,20.13%,0.00%,0.00%,19.92%,,,,,,,,,,,,,,,,,,,,,,,,,,
14/05/2019,17.36%,18.43%,19.10%,19.30%,19.91%,19.83%,20.01%,20.01%,,20.14%,0.00%,0.00%,19.45%,,,,,,,,,,,,,,,,,,,,,,,,,,
15/05/2019,17.38%,18.06%,18.75%,18.81%,19.98%,19.41%,20.02%,19.52%,,20.08%,0.00%,0.00%,20.34%,,,,,,,,,,,,,,,,,,,,,,,,,,
16/05/2019,17.37%,18.72%,19.07%,19.09%,19.98%,19.57%,20.07%,19.88%,,20.00%,0.00%,0.00%,20.33%,,,,,,,,,,,,,,,,,,,,,,,,,,
17/05/2019,17.36%,18.83%,18.92%,18.90%,19.98%,19.85%,19.65%,19.75%,,20.02%,0.00%,0.00%,20.13%,,,,,,,,,,,,,,,,,,,,,,,,,,
20/05/2019,17.36%,18.60%,19.03%,19.47%,19.98%,19.84%,19.66%,19.86%,,20.00%,0.00%,0.00%,20.37%,,,,,,,,,,,,,,,,,,,,,,,,,,
21/05/2019,17.38%,18.31%,18.90%,19.47%,19.98%,19.40%,19.51%,19.86%,,19.91%,0.00%,0.00%,20.30%,,,,,,,,,,,,,,,,,,,,,,,,,,
22/05/2019,17.40%,18.25%,19.32%,19.48%,19.52%,19.80%,19.87%,19.86%,,19.86%,0.00%,0.00%,20.20%,,,,,,,,,,,,,,,,,,,,,,,,,,
23/05/2019,17.40%,18.14%,19.02%,19.43%,19.83%,19.46%,19.83%,19.86%,,19.63%,0.00%,0.00%,19.87%,,,,,,,,,,,,,,,,,,,,,,,,,,
24/05/2019,17.38%,17.93%,18.93%,19.46%,19.84%,19.44%,19.51%,18.65%,,19.75%,0.00%,0.00%,19.86%,,,,,,,,,,,,,,,,,,,,,,,,,,
27/05/2019,17.40%,17.45%,19.05%,19.46%,19.84%,19.82%,19.68%,20.15%,,19.75%,0.00%,0.00%,19.95%,,,,,,,,,,,,,,,,,,,,,,,,,,
28/05/2019,17.38%,18.22%,19.44%,19.69%,19.84%,19.78%,20.07%,20.08%,,20.00%,0.00%,0.00%,19.65%,,,,,,,,,,,,,,,,,,,,,,,,,,
29/05/2019,16.50%,18.00%,19.00%,19.47%,19.60%,19.51%,19.76%,20.01%,,19.90%,0.00%,0.00%,19.95%,,,,,,,,,,,,,,,,,,,,,,,,,,
30/05/2019,17.00%,17.50%,18.75%,19.85%,19.60%,19.92%,19.78%,19.94%,,19.83%,0.00%,0.00%,20.33%,,,,,,,,,,,,,,,,,,,,,,,,,,
31/05/2019,17.28%,17.78%,18.20%,19.85%,19.97%,19.84%,19.79%,19.71%,,19.83%,19.80%,0.00%,20.30%,,,,,,,,,,,,,,,,,,,,,,,,,,
03/06/2019,17.30%,17.23%,18.88%,19.50%,19.76%,19.72%,19.65%,19.96%,,19.80%,,0.00%,20.00%,,,,,,,,,,,,,,,,,,,,,,,,,,
04/06/2019,17.17%,18.06%,18.26%,19.50%,19.76%,19.63%,19.65%,19.96%,,19.80%,,0.00%,20.48%,,,,,,,,,,,,,,,,,,,,,,,,,,
06/06/2019,17.17%,18.06%,18.61%,19.50%,19.97%,19.14%,19.25%,19.90%,,19.80%,,0.00%,20.45%,,,,,,,,,,,,,,,,,,,,,,,,,,
07/06/2019,17.18%,18.08%,18.96%,19.48%,19.97%,19.50%,20.00%,19.89%,,19.80%,,0.00%,20.15%,,,,,,,,,,,,,,,,,,,,,,,,,,
10/06/2019,17.09%,18.32%,19.32%,19.36%,19.94%,19.69%,19.60%,19.60%,,19.80%,,0.00%,20.15%,,,,,,,,,,,,,,,,,,,,,,,,,,
11/06/2019,17.00%,18.30%,19.18%,19.35%,19.47%,19.62%,19.60%,19.75%,,19.80%,,0.00%,20.35%,,,,,,,,,,,,,,,,,,,,,,,,,,
12/06/2019,17.00%,18.19%,19.00%,19.50%,19.40%,19.58%,19.60%,19.75%,,19.80%,,0.00%,20.40%,,,,,,,,,,,,,,,,,,,,,,,,,,
13/06/2019,17.25%,18.13%,18.85%,19.50%,19.40%,19.59%,19.90%,19.71%,,19.80%,,0.00%,20.35%,,,,,,,,,,,,,,,,,,,,,,,,,,
14/06/2019,17.25%,18.13%,18.69%,19.28%,19.40%,19.55%,19.86%,19.63%,,19.80%,,0.00%,20.35%,,,,,,,,,,,,,,,,,,,,,,,,,,
17/06/2019,17.00%,18.64%,18.76%,19.28%,19.54%,19.30%,20.15%,19.64%,,19.80%,,0.00%,20.35%,,,,,,,,,,,,,,,,,,,,,,,,,,
18/06/2019,16.80%,17.50%,18.57%,19.28%,19.39%,19.40%,19.60%,19.54%,,19.80%,,0.00%,20.35%,,,,,,,,,,,,,,,,,,,,,,,,,,
19/06/2019,17.06%,18.06%,18.71%,19.39%,19.30%,19.59%,19.71%,19.64%,,19.80%,,0.00%,20.35%,,,,,,,,,,,,,,,,,,,,,,,,,,
20/06/2019,16.70%,17.99%,19.05%,19.19%,19.30%,19.58%,20.15%,19.35%,,19.80%,,0.00%,20.35%,,,,,,,,,,,,,,,,,,,,,,,,,,
21/06/2019,16.64%,18.14%,19.07%,19.29%,19.30%,19.47%,19.55%,19.34%,,19.80%,,0.00%,20.35%,,,,,,,,,,,,,,,,,,,,,,,,,,
24/06/2019,16.64%,17.82%,18.61%,18.92%,19.30%,19.55%,19.79%,19.50%,,19.80%,19.80%,0.00%,20.35%,,,,,,,,,,,,,,,,,,,,,,,,,,
25/06/2019,16.47%,17.53%,19.05%,19.11%,19.30%,19.20%,19.66%,19.55%,,19.80%,19.80%,0.00%,20.35%,,,,,,,,,,,,,,,,,,,,,,,,,,
26/06/2019,16.40%,18.30%,19.05%,19.49%,19.30%,19.20%,19.66%,19.50%,,19.80%,19.80%,0.00%,20.35%,,,,,,,,,,,,,,,,,,,,,,,,,,
27/06/2019,16.82%,18.30%,18.48%,19.23%,19.30%,19.58%,19.48%,19.60%,,19.71%,19.80%,0.00%,20.35%,,,,,,,,,,,,,,,,,,,,,,,,,,
28/06/2019,16.79%,17.80%,18.40%,18.98%,18.95%,19.17%,19.55%,19.23%,,19.71%,19.80%,0.00%,20.35%,,,,,,,,,,,,,,,,,,,,,,,,,,
01/07/2019,16.40%,18.10%,18.63%,19.07%,18.95%,19.44%,19.66%,19.35%,,19.71%,,0.00%,,,,,,,,,,,,,,,,,,,,,,,,,,,
02/07/2019,16.40%,18.10%,19.01%,19.03%,18.95%,19.34%,19.60%,19.19%,,19.35%,,0.00%,,,,,,,,,,,,,,,,,,,,,,,,,,,
03/07/2019,16.61%,17.88%,18.45%,18.99%,18.95%,19.37%,19.56%,19.37%,,19.35%,,0.00%,,,,,,,,,,,,,,,,,,,,,,,,,,,
04/07/2019,16.45%,18.11%,18.26%,18.87%,18.21%,19.26%,19.53%,19.22%,,19.35%,,0.00%,,,,,,,,,,,,,,,,,,,,,,,,,,,
05/07/2019,16.48%,18.00%,19.00%,18.87%,18.21%,19.31%,19.51%,19.30%,,19.60%,19.59%,0.00%,20.35%,,,,,,,,,,,,,,,,,,,,,,,,,,
08/07/2019,16.51%,18.25%,18.99%,18.79%,18.95%,19.18%,19.58%,19.30%,,19.15%,19.59%,0.00%,20.35%,,,,,,,,,,,,,,,,,,,,,,,,,,
09/07/2019,16.51%,18.09%,18.91%,18.90%,18.95%,19.27%,19.37%,19.53%,,19.60%,19.80%,0.00%,20.35%,,,,,,,,,,,,,,,,,,,,,,,,,,
10/07/2019,16.90%,18.05%,18.59%,19.00%,18.95%,19.20%,19.67%,19.53%,,19.60%,19.80%,0.00%,20.35%,,,,,,,,,,,,,,,,,,,,,,,,,,
11/07/2019,17.00%,18.00%,18.48%,18.92%,18.95%,19.65%,19.51%,19.53%,,19.60%,19.80%,0.00%,20.35%,,,,,,,,,,,,,,,,,,,,,,,,,,
12/07/2019,17.00%,17.94%,18.68%,18.92%,18.95%,19.43%,19.53%,19.53%,,19.60%,19.69%,0.00%,20.35%,,,,,,,,,,,,,,,,,,,,,,,,,,
15/07/2019,17.16%,18.39%,18.63%,18.97%,18.95%,19.48%,19.60%,19.53%,,19.60%,19.64%,0.00%,20.35%,,,,,,,,,,,,,,,,,,,,,,,,,,
16/07/2019,16.86%,18.14%,18.49%,18.80%,18.95%,19.46%,19.60%,19.53%,,19.60%,19.64%,0.00%,20.35%,,,,,,,,,,,,,,,,,,,,,,,,,,
17/07/2019,16.28%,17.80%,18.66%,18.80%,18.95%,19.47%,19.72%,19.40%,,19.60%,19.64%,0.00%,20.35%,,,,,,,,,,,,,,,,,,,,,,,,,,
18/07/2019,16.28%,17.78%,18.22%,18.99%,19.12%,19.38%,19.38%,19.55%,,19.60%,19.62%,0.00%,20.35%,,,,,,,,,,,,,,,,,,,,,,,,,,
19/07/2019,16.50%,18.24%,18.32%,18.84%,18.93%,19.46%,19.40%,19.55%,,19.60%,19.62%,0.00%,20.35%,,,,,,,,,,,,,,,,,,,,,,,,,,
22/07/2019,17.00%,18.00%,18.26%,18.86%,19.10%,19.39%,19.55%,19.55%,,19.60%,19.60%,0.00%,20.35%,,,,,,,,,,,,,,,,,,,,,,,,,,
23/07/2019,17.10%,17.90%,18.48%,18.89%,19.10%,19.41%,19.36%,19.55%,,19.60%,19.60%,0.00%,20.35%,,,,,,,,,,,,,,,,,,,,,,,,,,
24/07/2019,17.00%,17.80%,18.98%,18.93%,19.10%,19.40%,19.50%,19.55%,,19.60%,19.60%,0.00%,20.35%,,20.00%,,,,,,,,,,,,,,,,,,,,,,,,
25/07/2019,17.08%,17.75%,18.87%,18.97%,19.10%,19.44%,19.70%,19.55%,,19.60%,19.50%,0.00%,20.35%,,20.00%,,,,,,,,,,,,,,,,,,,,,,,,
26/07/2019,16.90%,18.00%,18.20%,18.69%,19.10%,19.31%,19.69%,19.55%,,19.60%,19.45%,0.00%,20.35%,,20.00%,,,,,,,,,,,,,,,,,,,,,,,,
29/07/2019,17.00%,17.79%,18.34%,18.71%,19.03%,19.38%,19.52%,19.35%,,19.60%,19.45%,0.00%,20.35%,,20.00%,,,,,,,,,,,,,,,,,,,,,,,,
30/07/2019,16.59%,17.79%,18.66%,18.82%,19.20%,19.24%,19.41%,19.35%,,19.60%,19.45%,0.00%,20.35%,,20.00%,,,,,,,,,,,,,,,,,,,,,,,,
31/07/2019,16.59%,17.71%,18.67%,18.92%,19.20%,19.51%,19.72%,19.48%,,19.60%,19.45%,0.00%,20.35%,,20.00%,,,,,,,,,,,,,,,,,,,,,,,,
01/08/2019,17.45%,18.04%,18.94%,18.83%,19.20%,19.56%,19.67%,19.42%,,19.60%,19.70%,0.00%,20.35%,,19.96%,20.20%,,,,,,,,,,,,,,,,,,,,,,,
02/08/2019,17.38%,18.00%,18.77%,18.79%,19.20%,19.59%,19.67%,19.65%,,19.60%,19.35%,0.00%,20.35%,,19.96%,,,,,,,,,,,,,,,,,,,,,,,,
06/08/2019,17.60%,18.00%,18.69%,18.79%,19.20%,19.40%,19.60%,19.65%,,19.60%,19.35%,0.00%,20.35%,,19.84%,,,,,,,,,,,,,,,,,,,,,,,,
07/08/2019,17.44%,18.10%,18.81%,18.86%,19.35%,19.45%,19.50%,19.65%,,19.60%,19.35%,0.00%,20.35%,,19.84%,,,,,,,,,,,,,,,,,,,,,,,,
08/08/2019,17.15%,18.29%,18.81%,18.59%,19.35%,19.55%,19.70%,19.65%,,19.60%,19.78%,0.00%,20.35%,,19.84%,,,,,,,,,,,,,,,,,,,,,,,,
09/08/2019,17.15%,18.13%,18.43%,19.00%,19.33%,19.34%,19.80%,19.65%,,19.60%,19.78%,0.00%,20.35%,,19.84%,,,,,,,,,,,,,,,,,,,,,,,,
13/08/2019,17.25%,18.20%,18.66%,19.08%,19.10%,19.12%,19.58%,19.55%,,19.60%,19.78%,0.00%,20.35%,,19.81%,,,,,,,,,,,,,,,,,,,,,,,,
14/08/2019,16.90%,18.28%,18.52%,18.80%,19.10%,19.38%,19.52%,19.62%,,19.60%,19.78%,0.00%,20.35%,,19.96%,,,,,,,,,,,,,,,,,,,,,,,,
15/08/2019,17.00%,18.00%,18.86%,19.10%,19.45%,19.62%,19.52%,19.55%,,19.60%,19.78%,0.00%,20.35%,,19.71%,,,,,,,,,,,,,,,,,,,,,,,,
16/08/2019,16.90%,17.90%,18.57%,19.15%,19.45%,19.53%,19.52%,19.23%,,19.60%,19.78%,0.00%,20.35%,,19.80%,,,,,,,,,,,,,,,,,,,,,,,,
19/08/2019,17.00%,17.94%,18.53%,18.83%,19.45%,19.66%,19.75%,19.50%,,19.60%,19.78%,0.00%,20.35%,,19.74%,,,,,,,,,,,,,,,,,,,,,,,,
20/08/2019,17.28%,17.90%,18.82%,18.83%,19.45%,19.46%,19.75%,19.50%,,19.60%,19.78%,0.00%,20.35%,,19.70%,,,,,,,,,,,,,,,,,,,,,,,,
21/08/2019,17.37%,17.90%,18.80%,18.83%,19.45%,19.46%,19.80%,19.50%,,19.60%,19.78%,0.00%,20.35%,,19.70%,,,,,,,,,,,,,,,,,,,,,,,,
22/08/2019,17.40%,17.90%,18.75%,19.10%,19.45%,19.45%,19.58%,19.50%,,19.60%,19.71%,0.00%,20.41%,,19.70%,,,,,,,,,,,,,,,,,,,,,,,,
23/08/2019,16.90%,17.90%,18.57%,19.00%,19.45%,19.26%,19.58%,19.50%,,19.60%,19.65%,0.00%,20.13%,,19.70%,,,,,,,,,,,,,,,,,,,,,,,,
26/08/2019,17.01%,17.61%,18.68%,18.80%,19.45%,19.20%,19.53%,19.51%,,19.60%,19.65%,0.00%,20.00%,,19.56%,20.20%,,,,,,,,,,,,,,,,,,,,,,,
27/08/2019,16.90%,17.61%,18.60%,18.80%,19.45%,19.36%,19.57%,19.47%,,19.72%,19.65%,0.00%,19.90%,,19.89%,20.20%,,,,,,,,,,,,,,,,,,,,,,,
28/08/2019,17.23%,17.60%,18.56%,19.00%,19.45%,19.52%,19.50%,19.39%,,19.62%,19.65%,0.00%,20.02%,,19.89%,20.20%,,,,,,,,,,,,,,,,,,,,,,,
29/08/2019,17.06%,17.70%,18.85%,18.90%,19.45%,19.51%,19.48%,19.30%,,19.53%,19.65%,0.00%,20.00%,,19.89%,20.29%,,,,,,,,,,,,,,,,,,,,,,,
30/08/2019,17.06%,17.70%,18.42%,18.90%,19.45%,19.42%,19.48%,19.35%,,19.53%,20.25%,0.00%,20.35%,,19.89%,20.29%,,,,,,,,,,,,,,,,,,,,,,,
02/09/2019,17.00%,17.60%,18.70%,18.80%,19.45%,19.43%,19.40%,19.34%,19.53%,20.20%,20.32%,0.00%,20.20%,,20.14%,,,,,,,,,,,,,,,,,,,,,,,,
03/09/2019,16.90%,17.72%,18.80%,18.80%,18.90%,19.57%,19.40%,19.34%,19.53%,20.10%,19.85%,0.00%,20.20%,,20.14%,,,,,,,,,,,,,,,,,,,,,,,,
04/09/2019,16.90%,18.00%,18.90%,18.80%,18.90%,19.50%,19.60%,19.40%,19.53%,20.20%,20.30%,0.00%,20.20%,,20.14%,,,,,,,,,,,,,,,,,,,,,,,,
05/09/2019,16.91%,17.77%,18.60%,18.80%,18.90%,19.44%,19.81%,19.45%,19.53%,19.92%,19.96%,0.00%,20.20%,,20.19%,20.29%,,,,,,,,,,,,,,,,,,,,,,,
06/09/2019,16.86%,17.74%,18.79%,18.90%,18.90%,19.40%,19.81%,19.45%,19.53%,20.25%,20.03%,0.00%,20.00%,,20.19%,,,,,,,,,,,,,,,,,,,,,,,,
09/09/2019,17.02%,18.11%,18.93%,18.87%,18.90%,19.30%,19.54%,19.38%,,19.53%,20.04%,0.00%,20.03%,,,,,,,,,,,,,,,,,,,,,,,,,,
10/09/2019,16.90%,17.70%,18.77%,19.00%,18.98%,19.30%,19.54%,19.38%,,19.53%,20.14%,0.00%,20.03%,,,,,,,,,,,,,,,,,,,,,,,,,,
11/09/2019,16.68%,17.70%,18.76%,19.20%,18.90%,19.49%,19.50%,19.38%,,19.53%,20.22%,0.00%,20.03%,,20.00%,20.13%,,,,,,,,,,,,,,,,,,,,,,,
12/09/2019,16.60%,17.85%,18.76%,19.00%,18.90%,19.35%,19.68%,19.38%,,19.53%,20.18%,0.00%,20.03%,,20.00%,20.13%,,,,,,,,,,,,,,,,20.00%,20.19%,,,,,,
13/09/2019,16.80%,17.90%,19.00%,19.17%,18.90%,19.32%,19.68%,19.30%,,20.00%,19.92%,0.00%,20.03%,,20.00%,20.00%,,,,,,,,,,,,,,,,,,,,,,,
16/09/2019,16.70%,17.90%,19.07%,19.10%,18.90%,19.40%,19.55%,19.71%,,19.50%,20.18%,0.00%,20.02%,,,,,,,,,,,,,,,,,,,,,,,,,,
17/09/2019,16.60%,17.80%,18.81%,19.11%,19.03%,19.20%,19.50%,19.71%,,19.50%,20.18%,0.00%,20.02%,,,,,,,,,,,,,,,,,,,,,,,,,,
18/09/2019,16.60%,17.89%,18.64%,19.18%,19.01%,19.20%,19.50%,19.71%,,20.00%,20.30%,0.00%,20.02%,,20.00%,20.10%,,,,,,,,,,,,,,,,,,,,,,,
19/09/2019,17.00%,17.80%,19.03%,19.14%,19.01%,19.30%,19.82%,19.71%,,20.00%,20.31%,0.00%,20.02%,,20.00%,20.10%,,,,,,,,,,,,,,,,,,,,,,,
20/09/2019,16.73%,18.19%,18.98%,19.29%,19.01%,19.30%,19.82%,19.71%,,20.00%,20.23%,0.00%,20.05%,,20.00%,20.10%,,,,,,,,,,,,,,,,,,,,,,,
24/09/2019,16.61%,18.26%,19.11%,18.90%,19.01%,19.47%,20.19%,19.85%,,20.00%,20.21%,0.00%,20.05%,,,,,,,,,,,,,,,,,,,,,,,,,,
25/09/2019,16.40%,18.22%,19.08%,19.15%,19.01%,19.44%,20.05%,19.85%,,20.00%,20.05%,0.00%,20.05%,,,,,,,,,,,,,,,,,,,,,,,,,,
26/09/2019,16.40%,17.85%,18.93%,19.15%,19.01%,19.75%,19.57%,20.10%,,20.00%,20.05%,0.00%,20.04%,,20.00%,20.12%,,,,,,,,,,,,,,,,,,,,,,,
27/09/2019,16.36%,17.93%,18.96%,19.15%,19.01%,19.76%,20.00%,20.10%,,20.00%,20.23%,0.00%,20.04%,,20.00%,20.10%,,,,,,,,,,,,,,,,,,,,,,,
30/09/2019,16.58%,18.01%,18.95%,19.19%,19.01%,19.48%,19.72%,20.08%,,20.00%,20.08%,0.00%,20.03%,,20.00%,20.13%,,,,,,,,,,,,,,,,,,,,,,,
01/10/2019,16.33%,18.04%,19.00%,19.32%,19.01%,19.50%,19.67%,20.18%,,20.00%,20.16%,0.00%,20.03%,,,,,,,,,,,,,,,,,,,,,,,,,,
02/10/2019,16.20%,17.82%,19.13%,19.30%,19.01%,19.60%,19.78%,20.18%,,20.00%,20.16%,0.00%,19.96%,,,,,,,,,,,,,,,,,,,,,,,,,,
03/10/2019,16.08%,17.84%,19.17%,19.00%,19.01%,19.59%,19.80%,19.75%,,20.00%,20.30%,0.00%,20.03%,,20.00%,20.12%,,,,,,,,,,,,,,,,,,,,,,,
04/10/2019,16.08%,17.87%,18.92%,19.35%,19.01%,19.44%,19.74%,20.21%,,20.00%,20.20%,0.00%,19.95%,,19.97%,20.30%,,,,,,,,,,,,,,,,,,,,,,,
07/10/2019,16.10%,18.17%,19.07%,19.25%,19.01%,19.44%,19.60%,20.11%,,20.00%,20.25%,0.00%,19.93%,,20.00%,20.12%,,,,,,,,,,,,,,,,,,,,,,,
08/10/2019,16.09%,17.92%,19.09%,19.10%,19.01%,19.44%,19.54%,20.11%,,20.00%,20.25%,0.00%,19.93%,,20.00%,20.11%,,,,,,,,,,,,,,,,,,,,,,,
09/10/2019,16.17%,17.90%,18.99%,19.52%,19.01%,19.50%,19.65%,20.11%,,20.00%,20.25%,0.00%,19.76%,,20.00%,20.11%,,,,,,,,,,,,,,,,,,,,,,,
10/10/2019,16.17%,18.00%,18.97%,19.61%,19.01%,19.88%,19.60%,20.11%,,19.90%,20.25%,0.00%,20.24%,,20.00%,20.11%,,,,,,,,,,,,,,,,,,,,,,,
11/10/2019,16.17%,18.00%,19.00%,19.02%,19.01%,19.91%,19.90%,20.11%,,19.90%,20.25%,0.00%,20.36%,,19.97%,20.11%,,,,,,,,,,,,,,,,,,,,,,,
14/10/2019,16.17%,17.58%,19.00%,19.55%,19.10%,19.80%,20.00%,20.19%,,19.90%,20.25%,0.00%,20.40%,,19.97%,20.11%,,,,,,,,,,,,,,,,,,,,,,,
15/10/2019,16.47%,17.92%,19.30%,19.21%,19.53%,19.82%,19.88%,20.18%,,19.90%,20.27%,0.00%,20.44%,,19.97%,20.13%,,,,,,,,,,,,,,,,,,,,,,,
16/10/2019,16.47%,17.89%,19.11%,19.20%,19.53%,19.44%,19.88%,20.08%,,19.90%,20.20%,0.00%,20.28%,,20.01%,20.13%,,,,,,,,,,,,,,,,,,,,,,,
17/10/2019,16.86%,18.10%,19.34%,19.11%,19.68%,19.67%,19.88%,19.43%,,19.90%,19.93%,0.00%,20.38%,,20.01%,20.13%,,,,,,,,,,,,,,,,,,,,,,,
18/10/2019,16.45%,17.98%,19.00%,19.10%,19.73%,19.60%,19.65%,20.08%,,19.90%,20.19%,0.00%,20.43%,,19.98%,20.13%,,,,,,,,,,,,,,,,,,,,,,,
21/10/2019,16.44%,18.00%,19.15%,19.25%,19.73%,19.83%,19.85%,19.96%,,19.90%,20.30%,0.00%,20.20%,,19.98%,20.13%,,,,,,,,,,,,,,,,,,,,,,,
22/10/2019,16.44%,17.90%,19.30%,19.20%,19.73%,19.68%,19.71%,19.70%,,19.85%,19.70%,0.00%,20.42%,,19.97%,20.13%,,,,,,,,,,,,,,,,,,,,,,,
23/10/2019,16.44%,17.92%,19.07%,19.18%,19.73%,19.58%,19.91%,19.91%,,19.85%,20.15%,0.00%,20.43%,,19.97%,20.13%,,,,,,,,,,,,,,,,,,,,,,,
24/10/2019,16.44%,17.92%,19.06%,19.33%,19.51%,19.65%,19.89%,19.93%,,20.65%,19.81%,0.00%,20.38%,,19.97%,20.13%,,,,,,,,,,,,,,,,,,,,,,,
25/10/2019,16.44%,18.00%,19.09%,19.20%,19.51%,19.70%,19.74%,19.63%,,20.65%,20.25%,0.00%,20.42%,,19.97%,20.13%,,,,,,,,,,,,,,,,,,,,,,,
28/10/2019,16.02%,18.00%,19.18%,19.19%,19.51%,19.70%,19.82%,20.31%,,20.36%,19.87%,0.00%,20.60%,,19.97%,20.13%,,,,,,,,,,,,,,,,,,,,,,,
29/10/2019,16.02%,18.11%,19.21%,19.10%,19.37%,19.51%,19.82%,19.51%,,20.36%,19.30%,0.00%,20.27%,,19.97%,20.13%,,,,,,,,,,,,,,,,,,,,,,,
30/10/2019,16.02%,18.00%,19.24%,19.10%,19.37%,19.77%,19.66%,20.05%,,20.36%,20.33%,0.00%,20.38%,,19.97%,20.13%,,,,,,,,,,,,,,,,,,,,,,,
31/10/2019,16.00%,17.99%,19.25%,19.44%,19.79%,19.59%,19.65%,20.15%,,20.36%,20.20%,0.00%,20.41%,,19.97%,20.13%,,,,,,,,,,,,,,,,,,,,,,,
01/11/2019,16.00%,17.80%,19.25%,19.38%,19.79%,19.71%,19.59%,20.21%,20.36%,20.20%,20.41%,0.00%,19.97%,,20.16%,,,,,,,,,,,,,,,,,,,,,,,,
04/11/2019,15.77%,17.77%,19.16%,19.24%,19.79%,19.58%,20.08%,20.21%,20.36%,19.50%,20.40%,0.00%,19.97%,,20.16%,,,,,,,,,,,,,,,,,,,,,,,,
05/11/2019,16.00%,17.77%,19.63%,19.24%,19.76%,20.12%,19.83%,20.30%,20.36%,19.50%,20.39%,0.00%,19.97%,,20.16%,,,,,,,,,,,,,,,,,,,,,,,,
06/11/2019,16.00%,17.94%,19.55%,19.53%,19.58%,19.88%,19.72%,20.06%,20.36%,20.40%,20.39%,0.00%,20.03%,,20.16%,,,,,,,,,,,,,,,,,,,,,,,,
07/11/2019,16.43%,17.87%,19.58%,19.32%,19.75%,20.03%,19.98%,20.16%,20.36%,20.32%,20.39%,0.00%,20.03%,,20.16%,,,,,,,,,,,,,,,,,,,,,,,,
08/11/2019,16.24%,17.85%,19.43%,19.32%,19.63%,19.73%,19.83%,20.16%,20.36%,20.07%,20.38%,0.00%,20.03%,,20.16%,20.16%,,,,,,,,,,,,,,,,,,,,,,,
11/11/2019,16.18%,17.82%,19.49%,19.32%,19.39%,19.73%,20.12%,19.94%,20.36%,20.23%,20.38%,0.00%,20.13%,,20.16%,,,,,,,,,,,,,,,,,,,,,,,,
12/11/2019,16.09%,17.72%,19.02%,19.00%,19.63%,19.67%,19.73%,19.94%,20.36%,20.23%,20.30%,0.00%,20.13%,,20.16%,,,,,,,,,,,,,,,,,,,,,,,,
13/11/2019,16.00%,17.76%,19.30%,19.00%,19.63%,19.33%,19.87%,19.94%,,20.36%,20.36%,0.00%,20.31%,,20.13%,,,,,,,,,,,,,,,,,,,,,,,,
14/11/2019,15.47%,17.75%,19.40%,19.65%,19.63%,19.98%,20.07%,19.73%,,20.36%,19.97%,0.00%,20.17%,,20.13%,20.16%,,,,,,,,,,,,,,,,,,,,,,,
15/11/2019,15.47%,17.87%,19.63%,19.71%,19.63%,19.73%,20.13%,19.73%,,20.36%,19.91%,0.00%,20.15%,,20.13%,20.16%,,,,,,,,,,,,,,,,,,,,,,,
18/11/2019,15.47%,17.72%,19.68%,19.59%,19.53%,19.73%,20.05%,19.70%,,20.36%,19.91%,0.00%,20.15%,,20.14%,20.18%,,,,,,,,,,,,,,,,,,,,,,,
19/11/2019,15.06%,17.98%,19.54%,19.47%,19.53%,19.96%,19.88%,20.26%,,20.36%,19.98%,0.00%,20.36%,,20.14%,20.18%,,,,,,,,,,,,,,,,,,,,,,,
20/11/2019,16.01%,17.98%,19.56%,19.34%,20.27%,20.14%,19.67%,20.31%,,20.36%,19.98%,0.00%,20.36%,,20.14%,20.18%,,,,,,,,,,,,,,,,,,,,,,,
21/11/2019,16.16%,17.85%,19.45%,19.30%,19.63%,20.17%,20.30%,20.28%,,20.36%,19.91%,0.00%,20.40%,,20.14%,20.18%,,,,,,,,,,,,,,,,,,,,,,,
22/11/2019,15.70%,17.99%,19.69%,19.67%,19.53%,20.17%,20.53%,20.17%,,20.36%,19.96%,0.00%,20.19%,,20.14%,20.18%,,,,,,,,,,,,,,,,,,,,,,,
25/11/2019,15.89%,18.04%,19.95%,19.83%,19.53%,20.21%,20.06%,20.17%,,20.36%,19.96%,0.00%,20.35%,,20.14%,20.18%,,,,,,,,,,,,,,,,,,,,,,,
26/11/2019,15.89%,17.94%,19.90%,19.92%,19.53%,20.47%,20.43%,20.17%,,20.36%,20.35%,0.00%,20.47%,,20.14%,20.18%,,,,,,,,,,,,,,,,,,,,,,,
27/11/2019,15.89%,17.94%,19.47%,19.70%,19.53%,20.20%,20.67%,20.17%,,20.36%,20.72%,0.00%,20.21%,,20.14%,20.18%,,,,,,,,,,,,,,,,,,,,,,,
28/11/2019,15.89%,17.74%,19.45%,19.95%,19.53%,20.34%,20.26%,20.56%,,20.36%,20.66%,0.00%,20.21%,,20.14%,20.18%,,,,,,,,,,,,,,,,,,,,,,,
29/11/2019,15.89%,18.00%,19.67%,19.78%,19.53%,20.21%,20.20%,20.56%,,20.36%,20.51%,0.00%,20.22%,,20.09%,20.18%,,,,,,,,,,,,,,,,,,,,,,,
02/12/2019,15.95%,18.17%,19.45%,19.78%,19.53%,20.20%,20.20%,20.57%,,20.36%,20.51%,0.00%,20.20%,,20.09%,20.18%,,,,,,,,,,,,,,,,,,,,,,,
03/12/2019,15.95%,18.41%,20.70%,20.26%,19.53%,20.29%,20.20%,20.55%,,20.36%,20.51%,0.00%,20.20%,,,20.18%,,,,,,,,,,,,,,,,,,,,,,,
04/12/2019,16.12%,18.00%,20.48%,20.94%,19.53%,20.66%,20.80%,20.72%,,21.76%,20.51%,0.00%,20.70%,,20.09%,20.35%,,,,,,,,,,,,,,,,,,,,,,,
05/12/2019,16.12%,18.01%,20.00%,20.11%,19.53%,21.04%,20.14%,20.97%,,21.76%,21.19%,0.00%,20.30%,,20.09%,,,,,,,,,,,,,,,,,,,,,,,,
09/12/2019,15.89%,18.00%,20.03%,20.00%,19.53%,20.79%,20.72%,21.43%,,21.76%,21.14%,0.00%,20.29%,,20.09%,20.35%,,,,,,,,,,,,,,,,,,,,,,,
10/12/2019,15.89%,18.01%,20.03%,20.00%,20.90%,20.73%,20.63%,21.19%,,21.76%,21.10%,0.00%,20.68%,,20.14%,20.13%,,,,,,,,,,,,,,,,,,,,,,,
11/12/2019,15.89%,18.48%,20.47%,20.69%,20.76%,20.36%,20.87%,21.50%,,21.76%,21.10%,0.00%,20.68%,,20.14%,20.13%,,,,,,,,,,,,,,,,,,,,,,,
12/12/2019,15.89%,18.43%,20.40%,20.60%,20.76%,20.77%,20.89%,21.22%,,20.90%,21.10%,0.00%,20.28%,,20.14%,20.35%,,,,,,,,,,,,,,,,,,,,,,,
13/12/2019,15.89%,18.48%,20.33%,20.50%,21.09%,21.01%,21.22%,21.40%,,20.85%,21.10%,0.00%,20.28%,,20.14%,20.35%,,,,,,,,,,,,,,,,,,,,,,,
16/12/2019,15.89%,18.50%,20.60%,20.53%,21.51%,21.10%,21.35%,21.52%,,20.85%,21.92%,0.00%,20.56%,,20.14%,20.20%,,,,,,,,,,,,,,,,,,,,,,,
17/12/2019,15.89%,18.21%,20.65%,21.00%,21.51%,21.29%,21.35%,21.49%,,20.85%,21.90%,0.00%,20.30%,,20.14%,20.20%,,,,,,,,,,,,,,,,,,,,,,,
18/12/2019,15.89%,18.46%,20.87%,21.00%,21.51%,20.75%,21.24%,21.55%,,20.85%,21.90%,0.00%,20.77%,,20.50%,20.20%,,,,,,,,,,,,,,,,,,,,,,,
19/12/2019,15.89%,18.11%,20.52%,20.95%,21.51%,20.88%,20.87%,20.76%,,20.85%,21.90%,0.00%,20.77%,,20.50%,20.20%,,,,,,,,,,,,,,,,,,,,,,,
20/12/2019,15.89%,18.51%,20.37%,20.55%,21.51%,20.62%,20.87%,21.54%,,20.85%,21.90%,0.00%,20.77%,,20.50%,20.35%,,,,,,,,,,,,,,,,,,,,,,,
23/12/2019,15.89%,18.80%,20.74%,21.68%,20.34%,21.27%,21.21%,21.44%,,20.64%,21.90%,0.00%,20.39%,,20.32%,20.40%,,,,,,,,,,,,,,,,,,,,,,,
24/12/2019,15.89%,18.98%,20.59%,20.53%,20.36%,21.06%,21.24%,21.40%,,20.64%,21.90%,0.00%,20.39%,,20.32%,20.35%,,,,,,,,,,,,,,,,,,,,,,,
27/12/2019,15.89%,18.00%,20.34%,20.53%,20.01%,20.95%,20.65%,21.54%,,20.64%,21.90%,0.00%,20.39%,,20.32%,20.35%,,,,,,,,,,,,,,,,,,,,,,,
30/12/2019,15.89%,18.00%,20.48%,21.67%,20.01%,20.92%,20.21%,21.54%,,20.64%,21.90%,0.00%,20.39%,,20.27%,20.35%,,,,,,,,,,,,,,,,,,,,,,,
31/12/2019,15.89%,18.20%,20.39%,21.37%,20.01%,20.81%,20.67%,21.54%,,21.50%,21.90%,0.00%,20.07%,,20.11%,20.32%,,,,,,,,,,,,,,,,,,,,,,,
02/01/2020,0.00%,19.10%,20.47%,20.88%,20.01%,20.26%,20.67%,20.58%,,21.50%,21.90%,0.00%,20.57%,,20.11%,20.36%,,,,,,,,,,,,,,,,,,,,,,,
03/01/2020,0.00%,18.01%,20.47%,20.88%,20.01%,20.19%,21.01%,21.60%,,20.64%,21.90%,0.00%,20.57%,,21.16%,20.36%,,,,,,,,,,,,,,,,,,,,,,,
06/01/2020,0.00%,18.74%,20.64%,21.05%,20.01%,21.73%,20.71%,20.56%,,20.64%,21.90%,0.00%,20.26%,,20.90%,20.36%,,,,,,,,,,,,,,,,,,,,,,,
08/01/2020,0.00%,18.33%,20.63%,21.19%,20.01%,21.03%,21.36%,21.50%,,20.63%,21.55%,0.00%,21.83%,,20.78%,20.37%,,,,,,,,,,,,,,,,,,,,,,,
09/01/2020,0.00%,18.02%,20.50%,20.98%,20.01%,21.20%,21.06%,21.50%,,20.64%,21.55%,0.00%,21.60%,,20.90%,20.36%,,,,,,,,,,,,,,,,,,,,,,,
10/01/2020,0.00%,18.02%,20.07%,20.50%,20.01%,20.60%,20.80%,20.80%,,20.64%,21.55%,0.00%,20.39%,,20.37%,20.37%,,,,,,,,,,,,,,,,,,,,,,,
13/01/2020,0.00%,18.39%,20.62%,20.39%,20.01%,20.76%,20.74%,21.30%,,20.50%,21.10%,0.00%,21.50%,,20.37%,20.36%,,,,,,,,,,,,,,,,,,,,,,,
14/01/2020,0.00%,18.57%,20.16%,20.62%,20.01%,20.45%,20.62%,21.30%,,20.50%,21.10%,0.00%,21.31%,,20.54%,20.36%,,,,,,,,,,,,,,,,,,,,,,,
15/01/2020,0.00%,18.66%,20.00%,20.64%,20.68%,20.18%,20.62%,20.48%,,20.50%,21.10%,0.00%,20.39%,,20.54%,20.36%,,,,,,,,,,,,,,,,,,,,,,,
16/01/2020,0.00%,18.53%,20.39%,20.56%,20.68%,20.35%,20.75%,21.00%,,20.64%,21.30%,0.00%,20.32%,,20.54%,20.36%,,,,,,,,,,,,,,,,,,,,,,,
17/01/2020,0.00%,18.07%,20.29%,20.50%,20.82%,20.77%,20.78%,21.30%,,20.63%,21.30%,0.00%,20.32%,,21.80%,20.36%,,,,,,,,,,,,,,,,,,,,,,,
20/01/2020,0.00%,18.07%,20.45%,20.50%,20.74%,20.33%,20.80%,21.30%,,20.63%,21.30%,0.00%,20.38%,,21.22%,20.36%,,,,,,,,,,,,,,,,,,,,,,,
21/01/2020,,18.18%,20.27%,20.83%,20.72%,21.25%,20.80%,21.30%,,20.63%,21.30%,0.00%,20.38%,,20.91%,20.38%,,,,,,,,,,,,,,,,,,,,,,,
22/01/2020,0.00%,18.87%,20.23%,20.82%,20.62%,20.19%,21.05%,21.30%,,20.63%,21.30%,0.00%,20.38%,,20.91%,20.32%,,,,,,,,,,,,,,,,,,,,,,,
23/01/2020,0.00%,18.87%,20.11%,20.61%,20.64%,20.48%,20.91%,21.30%,,20.63%,21.30%,0.00%,20.38%,,21.18%,20.32%,,,,,,,,,,,,,,,,,,,,,,,
24/01/2020,0.00%,18.68%,20.09%,20.40%,20.57%,20.99%,20.72%,21.30%,,20.63%,21.30%,0.00%,20.38%,,21.18%,20.32%,,,,,,,,,,,,,,,,,,,,,,,
27/01/2020,,18.62%,20.11%,20.65%,20.69%,20.80%,20.92%,21.30%,,20.63%,21.30%,0.00%,20.38%,,21.18%,20.32%,,,,,,,,,,,,,,,,,,,,,,,
28/01/2020,0.00%,18.90%,20.12%,20.65%,20.58%,20.80%,20.92%,21.30%,,20.63%,21.30%,0.00%,20.39%,,21.18%,20.32%,,,,,,,,,,,,,,,,,,,,,,,
29/01/2020,,18.77%,19.77%,20.65%,20.44%,20.66%,20.92%,21.30%,,20.63%,21.30%,0.00%,20.39%,,21.18%,20.32%,,,,,,,,,,,,,,,,,,,,,,,
30/01/2020,0.00%,18.38%,20.03%,20.65%,20.32%,20.53%,20.92%,21.30%,,20.63%,21.30%,0.00%,20.55%,,21.18%,20.32%,,,,,,,,,,,,,,,,,,,,,,,
31/01/2020,0.00%,18.40%,20.14%,20.65%,20.52%,20.52%,20.92%,21.30%,,20.63%,21.30%,0.00%,20.48%,,21.18%,20.32%,,,,,,,,,,,,,,,,,,,,,,,
03/02/2020,0.00%,18.49%,20.04%,20.09%,20.41%,20.52%,20.92%,21.30%,,20.63%,21.30%,0.00%,20.30%,,21.18%,20.32%,,,,,,,,,,,,,,,,,,,,,,,
04/02/2020,0.00%,18.48%,20.09%,20.08%,20.54%,20.52%,20.92%,21.30%,,20.63%,21.30%,0.00%,20.30%,,21.18%,20.32%,,,,,,,,,,,,,,,,,,,,,,,
05/02/2020,0.00%,18.07%,20.12%,20.20%,20.36%,20.52%,20.92%,21.30%,,21.34%,21.30%,0.00%,20.39%,,21.18%,20.32%,,,,,,,,,,,,,,,,,,,,,,,
06/02/2020,0.00%,18.07%,20.13%,20.29%,20.24%,20.52%,20.92%,21.30%,,21.34%,21.30%,0.00%,20.39%,,21.18%,20.32%,,,,,,,,,,,,,,,,,,,,,,,
07/02/2020,0.00%,18.07%,20.13%,20.46%,20.29%,20.52%,20.92%,21.30%,,21.34%,21.30%,0.00%,20.39%,,21.18%,20.32%,,,,,,,,,,,,,,,,,,,,,,,
10/02/2020,0.00%,18.70%,20.34%,20.24%,20.25%,20.52%,20.92%,21.30%,,21.34%,21.30%,0.00%,20.39%,,21.18%,20.32%,,,,,,,,,,,,,,,,,,,,,,,
11/02/2020,0.00%,18.46%,20.20%,20.24%,20.17%,20.52%,20.92%,21.30%,,21.34%,21.30%,0.00%,20.39%,,21.18%,20.50%,,,,,,,,,,,,,,,,,,,,,,,
12/02/2020,0.00%,18.12%,20.08%,20.41%,20.29%,20.52%,20.92%,21.30%,,21.34%,21.30%,0.00%,20.34%,,21.18%,20.50%,,,,,,,,,,,,,,,,,,,,,,,
13/02/2020,0.00%,17.79%,20.10%,20.20%,20.72%,20.32%,20.92%,21.30%,,21.34%,21.30%,0.00%,20.34%,,21.18%,20.50%,,,,,,,,,,,,,,,,,,,,,,,
14/02/2020,0.00%,18.10%,20.03%,20.10%,20.24%,20.33%,20.92%,21.30%,,21.34%,21.30%,0.00%,20.34%,,21.18%,20.50%,,,,,,,,,,,,,,,,,,,,,,,
17/02/2020,0.00%,18.11%,20.18%,20.27%,20.30%,20.35%,20.92%,21.30%,,21.34%,21.30%,0.00%,20.34%,,21.18%,20.50%,,,,,,,,,,,,,,,,,,,,,,,
18/02/2020,0.00%,18.00%,20.17%,20.22%,20.30%,20.20%,20.92%,21.30%,,21.34%,21.30%,0.00%,20.34%,,21.18%,20.50%,,,,,,,,,,,,,,,,,,,,,,,
19/02/2020,0.00%,18.00%,20.04%,20.46%,20.25%,20.25%,20.92%,21.30%,,21.34%,21.30%,0.00%,20.34%,,21.18%,20.50%,,,,,,,,,,,,,,,,,,,,,,,
20/02/2020,0.00%,18.00%,20.02%,20.37%,20.35%,20.23%,20.92%,21.30%,,21.34%,21.30%,0.00%,20.34%,,21.18%,20.50%,,,,,,,,,,,,,,,,,,,,,,,
21/02/2020,0.00%,18.00%,20.06%,20.38%,20.29%,20.24%,20.92%,21.30%,,21.34%,21.30%,0.00%,20.34%,,21.18%,20.50%,,,,,,,,,,,,,,,,,,,,,,,
24/02/2020,0.00%,18.40%,20.02%,20.59%,20.26%,20.45%,20.62%,21.30%,,21.34%,21.30%,0.00%,21.14%,,21.18%,20.50%,,,,,,,,,,,,,,,,,,,,,,,
25/02/2020,0.00%,18.12%,20.20%,20.42%,20.19%,20.20%,20.62%,21.30%,,21.34%,21.30%,0.00%,21.14%,,21.18%,20.50%,,,,,,,,,,,,,,,,,,,,,,,
26/02/2020,0.00%,17.82%,20.14%,20.23%,20.19%,20.27%,20.08%,21.30%,,21.34%,21.30%,0.00%,21.14%,,21.18%,20.50%,,,,,,,,,,,,,,,,,,,,,,,
27/02/2020,0.00%,18.00%,20.13%,20.23%,20.36%,20.27%,20.84%,21.30%,,21.34%,21.30%,0.00%,21.14%,,21.18%,20.50%,,,,,,,,,,,,,,,,,,,,,,,
28/02/2020,0.00%,18.00%,20.14%,20.45%,20.63%,20.32%,20.84%,21.30%,,21.34%,20.78%,0.00%,21.14%,,21.18%,20.50%,,,,,,,,,,,,,,,,,,,,,,,
02/03/2020,0.00%,18.14%,20.18%,20.43%,20.37%,20.32%,21.20%,21.30%,,21.34%,20.88%,0.00%,21.14%,,21.18%,20.50%,,,,,,,,,,,,,,,,,,,,,,,
03/03/2020,0.00%,18.01%,20.13%,20.40%,20.64%,20.32%,20.99%,21.30%,,21.34%,20.89%,0.00%,21.14%,,21.18%,20.40%,,,,,,,,,,,,,,,,,,,,,,,
04/03/2020,0.00%,18.14%,20.15%,20.45%,20.68%,20.32%,20.96%,21.30%,,21.34%,20.75%,0.00%,21.14%,,21.18%,20.40%,,,,,,,,,,,,,,,,,,,,,,,
05/03/2020,0.00%,18.18%,20.13%,20.20%,20.57%,20.22%,21.07%,21.30%,,21.34%,20.75%,0.00%,21.14%,,21.18%,20.40%,,,,,,,,,,,,,,,,,,,,,,,
09/03/2020,0.00%,18.30%,20.32%,20.74%,20.74%,20.73%,21.02%,20.98%,,21.34%,20.75%,0.00%,21.26%,,21.18%,20.40%,,,,,,,,,,,,,,,,,,,,,,,
10/03/2020,0.00%,18.50%,20.31%,20.97%,20.84%,21.24%,21.07%,20.98%,,21.34%,20.75%,0.00%,21.26%,,21.18%,20.44%,,,,,,,,,,,,,,,,,,,,,,,
11/03/2020,0.00%,18.90%,20.40%,21.00%,21.72%,20.97%,21.55%,21.39%,,21.34%,22.60%,0.00%,21.26%,,21.18%,20.44%,,,,,,,,,,,,,,,,,,,,,,,
12/03/2020,0.00%,18.66%,20.42%,21.00%,21.53%,22.29%,21.91%,21.39%,,21.34%,22.10%,0.00%,21.26%,,21.18%,20.54%,,,,,,,,,,,,,,,,,,,,,,,
13/03/2020,0.00%,19.30%,20.73%,20.95%,21.04%,22.18%,22.31%,21.39%,,21.34%,22.00%,0.00%,21.26%,,21.18%,20.54%,,,,,,,,,,,,,,,,,,,,,,,
16/03/2020,0.00%,19.38%,20.78%,20.95%,21.75%,22.48%,22.08%,22.51%,,21.34%,22.00%,0.00%,21.26%,,20.74%,20.40%,,,,,,,,,,,,,,,,,,,,,,,
17/03/2020,0.00%,18.94%,20.18%,20.95%,21.07%,22.18%,21.90%,21.53%,,21.34%,22.00%,0.00%,21.26%,,20.74%,20.40%,,,,,,,,,,,,,,,,,,,,,,,
18/03/2020,0.00%,18.50%,20.20%,20.30%,20.75%,22.92%,22.06%,22.63%,,21.34%,22.00%,0.00%,21.26%,,20.74%,20.40%,,,,,,,,,,,,,,,,,,,,,,,
19/03/2020,0.00%,19.00%,20.28%,20.96%,21.45%,22.39%,22.32%,22.54%,,21.34%,22.00%,0.00%,21.26%,,20.74%,20.37%,,,,,,,,,,,,,,,,,,,,,,,
20/03/2020,0.00%,19.00%,20.83%,20.96%,21.78%,21.90%,22.29%,22.49%,,21.34%,22.00%,0.00%,22.10%,,20.55%,20.37%,,,,,,,,,,,,,,,,,,,,,,,
23/03/2020,0.00%,18.65%,20.90%,22.30%,22.84%,22.19%,21.76%,22.76%,,21.34%,22.00%,0.00%,22.10%,,20.55%,20.56%,,,,,,,,,,,,,,,,,,,,,,,
24/03/2020,0.00%,18.59%,20.86%,21.18%,22.50%,22.46%,21.98%,22.31%,,21.34%,22.00%,0.00%,23.80%,,20.50%,20.35%,,,,,,,,,,,,,,,,,,,,,,,
25/03/2020,0.00%,18.70%,21.00%,21.83%,22.36%,22.66%,21.78%,22.24%,,21.34%,22.00%,0.00%,22.95%,,20.50%,20.35%,,,,,,,,,,,,,,,,,,,,,,,
26/03/2020,0.00%,18.80%,21.09%,22.09%,22.44%,22.20%,22.16%,22.71%,,21.34%,22.00%,0.00%,22.60%,,20.31%,20.35%,,,,,,,,,,,,,,,,,,,,,,,
27/03/2020,0.00%,18.53%,20.65%,20.98%,21.85%,22.27%,22.05%,23.31%,,21.34%,22.00%,0.00%,22.60%,,20.31%,20.40%,,,,,,,,,,,,,,,,,,,,,,,
30/03/2020,0.00%,18.00%,20.61%,21.83%,21.80%,21.83%,21.90%,22.77%,,21.34%,22.00%,0.00%,22.60%,,20.31%,20.47%,,,,,,,,,,,,,,,,,,,,,,,
31/03/2020,0.00%,18.20%,20.61%,21.81%,22.10%,21.76%,22.50%,22.89%,,21.34%,22.00%,0.00%,22.60%,,20.41%,20.55%,,,,,,,,,,,,,,,,,,,,,,,
01/04/2020,0.00%,18.71%,20.61%,22.01%,22.10%,21.76%,22.98%,22.24%,,21.34%,22.00%,0.00%,22.60%,,20.41%,20.55%,,,,,,,,,,,,,,,,,,,,,,,
02/04/2020,0.00%,18.71%,20.72%,22.01%,21.89%,21.76%,22.98%,22.24%,,21.34%,22.00%,0.00%,22.60%,,20.30%,20.53%,,,,,,,,,,,,,,,,,,,,,,,
03/04/2020,0.00%,18.81%,20.50%,20.79%,21.49%,22.34%,22.98%,22.24%,,21.34%,22.00%,0.00%,22.60%,,20.43%,20.50%,,,,,,,,,,,,,,,,,,,,,,,
06/04/2020,0.00%,18.43%,20.27%,21.12%,21.34%,21.75%,21.89%,22.24%,,21.34%,22.00%,0.00%,22.60%,,20.43%,20.50%,,,,,,,,,,,,,,,,,,,,,,,
07/04/2020,0.00%,18.00%,20.08%,20.77%,21.37%,21.71%,21.89%,22.24%,,21.34%,22.00%,0.00%,23.68%,,20.43%,20.50%,,,,,,,,,,,,,,,,,,,,,,,
08/04/2020,0.00%,18.06%,20.29%,20.74%,21.37%,21.71%,21.70%,22.30%,,21.34%,22.00%,0.00%,21.14%,,20.35%,20.53%,,,,,,,,,,,,,,,,,,,,,,,
09/04/2020,0.00%,18.05%,20.08%,20.39%,21.30%,21.41%,21.67%,21.41%,,21.51%,22.00%,0.00%,21.14%,,20.35%,20.50%,,,,,,,,,,,,,,,,,,,,,,,
14/04/2020,0.00%,18.05%,19.80%,20.67%,21.12%,21.41%,21.93%,21.41%,,21.51%,22.00%,0.00%,21.14%,,20.35%,20.51%,,,,,,,,,,,,,,,,,,,,,,,
15/04/2020,0.00%,17.96%,19.70%,20.00%,21.00%,20.65%,21.53%,21.54%,,21.51%,22.00%,0.00%,21.14%,,20.36%,20.50%,,,,,,,,,,,,,,,,,,,,,,,
16/04/2020,0.00%,18.00%,19.49%,19.92%,20.92%,20.87%,21.07%,21.49%,,21.51%,20.94%,0.00%,21.14%,,20.35%,20.44%,,,,,,,,,,,,,,,,,,,,,,,
17/04/2020,0.00%,18.00%,18.87%,19.78%,20.55%,20.40%,21.13%,21.41%,,21.51%,20.90%,0.00%,21.14%,,20.35%,20.52%,,,,,,,,,,,,,,,,,,,,,,,
20/04/2020,0.00%,17.02%,19.27%,19.50%,19.99%,20.04%,20.54%,20.32%,,21.51%,20.90%,0.00%,21.14%,,20.35%,20.52%,,,,,,,,,,,,,,,,,,,,,,,
21/04/2020,0.00%,16.90%,18.87%,19.39%,19.72%,20.16%,20.57%,20.20%,,21.51%,20.14%,0.00%,21.14%,,20.36%,20.52%,,,,,,,,,,,,,,,,,,,,,,,
22/04/2020,0.00%,16.75%,18.89%,19.40%,19.72%,20.21%,20.14%,20.20%,,21.51%,20.19%,0.00%,22.75%,,20.35%,20.48%,,,,,,,,,,,,,,,,,,,,,,,
23/04/2020,0.00%,16.69%,19.21%,19.26%,19.33%,20.10%,20.64%,20.46%,,21.51%,20.19%,0.00%,20.49%,,20.35%,20.48%,,,,,,,,,,,,,,,,,,,,,,,
24/04/2020,0.00%,16.31%,19.04%,19.33%,20.01%,20.52%,20.10%,20.75%,,21.51%,20.10%,0.00%,20.44%,,20.35%,20.48%,,,,,,,,,,,,,,,,,,,,,,,
27/04/2020,0.00%,16.90%,19.11%,19.67%,18.48%,20.37%,20.52%,19.00%,,21.51%,20.10%,0.00%,20.47%,,20.35%,20.48%,,,,,,,,,,,,,,,,,,,,,,,
28/04/2020,0.00%,16.04%,19.45%,19.91%,20.22%,20.29%,20.52%,20.02%,,21.51%,20.10%,0.00%,20.40%,,20.35%,20.48%,,,,,,,,,,,,,,,,,,,,,,,
29/04/2020,0.00%,15.40%,19.47%,19.85%,20.25%,20.40%,20.63%,20.70%,,21.51%,20.83%,0.00%,20.21%,,20.35%,21.35%,,,,,,,,,,,,,,,,,,,,,,,
30/04/2020,0.00%,15.19%,19.22%,19.73%,20.26%,20.29%,20.52%,21.18%,,21.51%,20.81%,0.00%,20.21%,,20.35%,20.00%,,,,,,,,,,,,,,,,,,,,,,,
04/05/2020,0.00%,15.19%,19.59%,19.92%,20.21%,20.39%,20.47%,20.94%,,21.51%,20.40%,0.00%,20.21%,,20.35%,20.00%,,,,,,,,,,,,,,,,,,,,,,,
05/05/2020,0.00%,16.00%,19.60%,19.71%,20.20%,20.39%,20.20%,20.39%,,21.51%,20.40%,0.00%,20.21%,,20.62%,20.00%,,,,,,,,,,,,,,,,,,,,,,,
06/05/2020,0.00%,17.30%,19.17%,19.98%,20.20%,20.82%,20.43%,20.95%,,21.51%,20.40%,0.00%,22.00%,,20.62%,20.00%,,,,,,,,,,,,,,,,,,,,,,,
07/05/2020,0.00%,16.80%,19.04%,19.45%,20.00%,20.54%,20.28%,20.95%,,21.51%,20.88%,0.00%,22.00%,,20.62%,20.00%,,,,,,,,,,,,,,,,,,,,,,,
08/05/2020,0.00%,17.14%,18.94%,19.13%,20.08%,20.17%,20.28%,20.49%,,21.51%,20.78%,0.00%,22.00%,,20.62%,20.00%,,,,,,,,,,,,,,,,,,,,,,,
11/05/2020,0.00%,17.60%,18.49%,19.27%,20.24%,20.05%,20.32%,20.40%,,20.61%,20.78%,0.00%,22.00%,,20.62%,20.00%,,,,,,,,,,,,,,,,,,,,,,,
12/05/2020,0.00%,17.52%,18.65%,19.34%,20.20%,20.05%,21.29%,20.56%,,20.61%,20.78%,0.00%,20.40%,,20.62%,20.00%,,,,,,,,,,,,,,,,,,,,,,,
13/05/2020,0.00%,16.27%,18.35%,19.18%,20.27%,20.00%,20.25%,20.55%,,20.61%,20.78%,0.00%,21.00%,,20.62%,20.00%,,,,,,,,,,,,,,,,,,,,,,,
14/05/2020,0.00%,16.72%,18.66%,18.90%,20.27%,20.00%,20.39%,20.40%,,20.61%,20.78%,0.00%,20.68%,,20.62%,20.00%,,,,,,,,,,,,,,,,,,,,,,,
15/05/2020,0.00%,15.45%,18.77%,18.50%,20.31%,20.30%,20.41%,20.34%,,20.61%,20.61%,0.00%,20.40%,,20.62%,20.00%,,,,,,,,,,,,,,,,,,,,,,,
18/05/2020,0.00%,16.79%,18.70%,19.13%,20.14%,20.03%,20.26%,20.41%,,20.61%,20.49%,0.00%,20.40%,,20.62%,20.00%,,,,,,,,,,,,,,,,,,,,,,,
19/05/2020,0.00%,16.74%,18.42%,19.13%,20.16%,20.22%,20.23%,20.28%,,20.61%,20.49%,0.00%,20.40%,,20.62%,20.00%,,,,,,,,,,,,,,,,,,,,,,,
20/05/2020,0.00%,16.90%,18.44%,19.03%,20.03%,20.22%,20.15%,20.40%,,20.61%,22.38%,0.00%,21.00%,,20.62%,20.00%,,,,,,,,,,,,,,,,,,,,,,,
21/05/2020,0.00%,15.49%,18.69%,19.03%,19.77%,20.03%,20.01%,20.61%,,20.61%,22.16%,0.00%,21.00%,,20.62%,20.00%,,,,,,,,,,,,,,,,,,,,,,,
22/05/2020,0.00%,15.49%,18.05%,19.09%,19.49%,20.03%,20.60%,20.57%,,20.61%,21.81%,0.00%,21.00%,,20.62%,20.00%,,,,,,,,,,,,,,,,,,,,,,,
26/05/2020,0.00%,16.58%,18.19%,19.10%,19.50%,19.94%,20.40%,20.59%,,20.61%,21.63%,0.00%,21.85%,,20.62%,20.00%,,,,,,,,,,,,,,,,,,,,,,,
27/05/2020,0.00%,16.14%,18.20%,18.97%,19.16%,19.67%,20.42%,20.46%,,20.61%,21.36%,0.00%,21.85%,,21.13%,20.00%,,,,,,,,,,,,,,,,,,,,,,,
28/05/2020,0.00%,16.24%,18.24%,18.74%,19.90%,19.61%,20.20%,20.10%,,20.61%,21.37%,0.00%,22.00%,,21.13%,20.00%,,,,,,,,,,,,,,,,,,,,,,,
29/05/2020,0.00%,16.03%,17.96%,18.82%,19.16%,19.53%,20.00%,20.16%,,20.61%,21.35%,0.00%,22.00%,,20.40%,20.00%,,,,,,,,,,,,,,,,,,,,,,,
01/06/2020,0.00%,16.04%,18.14%,18.83%,19.00%,19.49%,20.00%,20.16%,,20.61%,21.10%,0.00%,22.00%,,20.30%,20.53%,,,,,,,,,,,,,,,,,,,,,,,
02/06/2020,0.00%,15.44%,17.80%,18.38%,19.05%,19.53%,20.42%,20.16%,,20.61%,20.80%,0.00%,22.00%,,20.30%,20.53%,,,,,,,,,,,,,,,,,,,,,,,
03/06/2020,0.00%,16.00%,17.65%,18.10%,18.99%,19.48%,19.52%,19.79%,,20.00%,20.60%,0.00%,22.00%,,20.30%,20.45%,,,,,,,,,,,,,,,,,,,,,,,
04/06/2020,0.00%,15.68%,17.20%,17.99%,18.73%,19.30%,19.54%,19.20%,,20.00%,20.28%,0.00%,22.00%,,20.58%,20.45%,,,,,,,,,,,,,,,,,,,,,,,
05/06/2020,0.00%,15.35%,17.05%,17.87%,18.69%,19.31%,19.76%,19.50%,,19.85%,20.05%,0.00%,22.00%,,20.05%,20.45%,,,,,,,,,,,,,,,,,,,,,,,
08/06/2020,0.00%,15.35%,16.84%,17.69%,18.66%,19.29%,19.56%,19.58%,,19.95%,19.91%,0.00%,22.00%,,20.66%,20.45%,,,,,,,,,,,,,,,,,,,,,,,
09/06/2020,0.00%,15.35%,16.80%,17.33%,18.72%,19.23%,19.55%,19.34%,,19.86%,19.88%,0.00%,22.00%,,20.39%,20.66%,,,,,,,,,,,,,,,,,,,,,,,
10/06/2020,0.00%,15.83%,16.90%,17.31%,18.65%,19.31%,19.36%,19.59%,,19.78%,19.81%,0.00%,21.57%,,20.45%,20.45%,,,,,,,,,,,,,,,,,,,,,,,
11/06/2020,0.00%,15.90%,16.96%,17.12%,18.64%,19.28%,19.38%,19.56%,,19.78%,20.14%,0.00%,21.22%,,20.63%,20.45%,,,,,,,,,,,,,,,,,,,,,,,
12/06/2020,0.00%,15.70%,16.83%,17.42%,18.65%,19.31%,19.44%,19.40%,,19.12%,19.85%,0.00%,20.85%,,20.44%,20.45%,,,,,,,,,,,,,,,,,,,,,,,
15/06/2020,0.00%,15.45%,16.79%,17.59%,18.39%,19.23%,19.62%,19.55%,,19.12%,20.12%,0.00%,21.41%,,20.44%,20.45%,,,,,,,,,,,,,,,,,,,,,,,
16/06/2020,0.00%,15.30%,16.42%,17.33%,18.40%,19.29%,19.56%,19.50%,,19.12%,19.80%,0.00%,21.41%,,20.44%,20.47%,,,,,,,,,,,,,,,,,,,,,,,
17/06/2020,0.00%,15.30%,16.42%,17.51%,18.61%,19.15%,19.42%,19.48%,,19.16%,19.80%,0.00%,21.60%,,20.68%,20.64%,,,,,,,,,,,,,,,,,,,,,,,
18/06/2020,0.00%,15.30%,16.29%,17.17%,18.61%,19.26%,19.18%,19.65%,,19.93%,19.90%,0.00%,21.30%,,20.45%,20.51%,,,,,,,,,,,,,,,,,,,,,,,
19/06/2020,0.00%,15.73%,16.66%,17.15%,18.40%,19.27%,19.12%,19.49%,,19.93%,19.90%,0.00%,21.14%,,20.45%,20.51%,,,,,,,,,,,,,,,,,,,,,,,
22/06/2020,0.00%,15.27%,16.38%,17.12%,18.58%,19.29%,19.94%,19.40%,,19.93%,19.89%,0.00%,20.80%,,20.86%,20.58%,,,,,,,,,,,,,,,,,,,,,,,
23/06/2020,0.00%,14.72%,16.38%,17.01%,18.42%,18.86%,19.67%,19.04%,,18.88%,19.74%,0.00%,20.80%,,20.81%,20.61%,,,,,,,,,,,,,,,,,,,,,,,
24/06/2020,0.00%,14.64%,16.48%,17.60%,18.36%,19.50%,19.26%,19.83%,,18.88%,19.74%,0.00%,20.80%,,20.95%,20.59%,,,,,,,,,,,,,,,,,,,,,,,
25/06/2020,0.00%,14.89%,16.51%,17.80%,18.77%,19.02%,20.08%,19.35%,,19.92%,20.29%,0.00%,20.80%,,20.77%,20.63%,,,,,,,,,,,,,,,,,,,,,,,
26/06/2020,0.00%,14.25%,16.38%,17.27%,18.56%,19.24%,19.37%,19.52%,,19.87%,19.94%,0.00%,21.15%,,20.84%,20.56%,,,,,,,,,,,,,,,,,,,,,,,
29/06/2020,0.00%,14.25%,16.24%,17.27%,18.89%,18.87%,19.29%,19.26%,,19.92%,19.92%,0.00%,21.41%,,20.69%,20.61%,,,,,,,,,,,,,,,,,,,,,,,
30/06/2020,0.00%,14.81%,16.17%,16.72%,18.74%,19.20%,19.22%,19.42%,,19.83%,19.91%,0.00%,21.10%,,20.70%,20.61%,,,,,,,,,,,,,,,,,,,,,,,
01/07/2020,0.00%,14.81%,16.76%,17.63%,18.62%,19.33%,19.21%,19.42%,,20.04%,19.91%,0.00%,21.09%,,20.21%,20.58%,,,,,,,,,,,,,,,,,,,,,,,
02/07/2020,0.00%,14.82%,16.20%,16.85%,18.48%,19.21%,19.26%,19.15%,,20.04%,19.91%,0.00%,21.00%,,20.31%,20.58%,,,,,,,,,,,,,,,,,,,,,,,
03/07/2020,0.00%,13.63%,16.42%,17.07%,18.53%,19.43%,19.36%,19.49%,,19.97%,19.91%,0.00%,21.35%,,20.31%,20.51%,,,,,,,,,,,,,,,,,,,,,,,
06/07/2020,0.00%,14.83%,16.60%,17.31%,18.56%,19.32%,19.30%,19.44%,,19.97%,19.91%,0.00%,21.44%,,20.90%,20.62%,,,,,,,,,,,,,,,,,,,,,,,
07/07/2020,0.00%,14.17%,16.92%,17.14%,18.52%,19.32%,19.23%,19.46%,,18.90%,19.94%,0.00%,21.00%,,20.72%,20.51%,,,,,,,,,,,,,,,,,,,,,,,
08/07/2020,0.00%,14.16%,17.81%,17.61%,18.46%,19.41%,19.27%,19.50%,,18.90%,19.93%,0.00%,21.02%,,20.72%,20.80%,,,,,,,,,,,,,,,,,,,,,,,
09/07/2020,0.00%,13.45%,16.29%,17.00%,18.43%,19.30%,19.14%,19.69%,,19.07%,19.93%,0.00%,21.02%,,21.01%,20.62%,,,,,,,,,,,,,,,,,,,,,,,
10/07/2020,0.00%,13.45%,16.67%,17.00%,19.03%,19.35%,19.18%,19.54%,,19.90%,20.00%,0.00%,20.95%,,20.95%,20.43%,,,,,,,,,,,,,,,,,,,,,,,
13/07/2020,0.00%,13.45%,17.16%,17.30%,18.33%,20.27%,20.08%,19.53%,,19.90%,22.14%,0.00%,20.41%,,20.95%,20.57%,,,,,,,,,,,,,,,,,,,,,,,
14/07/2020,0.00%,15.17%,17.16%,17.43%,18.52%,20.58%,19.93%,19.06%,,19.90%,21.77%,0.00%,21.24%,,21.07%,20.60%,,,,,,,,,,,,,,,,,,,,,,,
15/07/2020,0.00%,14.99%,16.33%,17.65%,18.38%,19.40%,19.38%,19.60%,,19.90%,20.80%,0.00%,21.15%,,20.45%,20.61%,,,,,,,,,,,,,,,,,,,,,,,
16/07/2020,0.00%,14.99%,16.70%,16.82%,20.69%,19.25%,19.33%,19.43%,,19.90%,20.69%,0.00%,21.09%,,21.04%,20.61%,,,,,,,,,,,,,,,,,,,,,,,
17/07/2020,0.00%,15.53%,16.93%,17.29%,18.09%,19.23%,19.11%,19.56%,,19.90%,20.87%,0.00%,21.36%,,20.57%,20.60%,,,,,,,,,,,,,,,,,,,,,,,
20/07/2020,0.00%,14.16%,16.52%,17.39%,18.50%,19.24%,19.32%,19.60%,,19.90%,20.90%,0.00%,21.28%,,20.52%,20.60%,,,,,,,,,,,,,,,,,,,,,,,
21/07/2020,0.00%,15.14%,16.67%,17.50%,18.38%,19.13%,19.55%,19.37%,,19.90%,21.05%,0.00%,21.20%,,20.45%,20.64%,,,,,,,,,,,,,,,,,,,,,,,
22/07/2020,0.00%,15.33%,16.67%,17.50%,18.44%,19.12%,19.62%,19.63%,,19.90%,21.12%,0.00%,21.28%,,20.82%,20.64%,,,,,,,,,,,,,,,,,,,,,,,
23/07/2020,0.00%,15.44%,16.75%,16.28%,17.93%,19.26%,19.45%,19.66%,,19.90%,21.13%,0.00%,21.28%,,20.82%,20.62%,,,,,,,,,,,,,,,,,,,,,,,
24/07/2020,0.00%,14.27%,17.04%,18.00%,17.89%,19.11%,19.43%,19.85%,,19.90%,21.16%,0.00%,21.28%,,20.82%,20.59%,,,,,,,,,,,,,,,,,,,,,,,
27/07/2020,0.00%,15.07%,17.09%,17.80%,18.04%,19.19%,19.47%,19.13%,,19.90%,20.97%,0.00%,21.28%,,20.78%,20.59%,,,,,,,,,,,,,,,,,,,,,,,
28/07/2020,0.00%,13.64%,17.09%,17.91%,19.10%,19.20%,19.29%,19.82%,,19.90%,21.01%,0.00%,21.42%,,20.70%,20.59%,,,,,,,,,,,,,,,,,,,,,,,
29/07/2020,0.00%,14.88%,17.09%,17.91%,17.92%,19.02%,19.36%,19.80%,,19.90%,21.21%,0.00%,21.44%,,20.69%,20.59%,,,,,,,,,,,,,,,,,,,,,,,
30/07/2020,0.00%,14.70%,16.97%,18.55%,18.01%,19.19%,19.53%,19.69%,,19.90%,20.95%,0.00%,20.91%,,20.65%,20.20%,,,,,,,,,,,,,,,,,,,,,,,
03/08/2020,0.00%,14.70%,16.57%,18.55%,18.33%,19.44%,20.06%,19.96%,,19.90%,21.00%,0.00%,20.56%,,20.75%,20.16%,,,,,,,,,,,,,,,,,,,,,,,
05/08/2020,0.00%,14.85%,16.57%,18.21%,18.11%,19.50%,20.53%,20.07%,,20.59%,21.10%,0.00%,20.56%,,20.75%,20.16%,,,,,,,,,,,,,,,,,,,,,,,
06/08/2020,0.00%,14.03%,17.00%,17.82%,18.33%,19.05%,19.90%,19.84%,,20.54%,20.90%,0.00%,19.75%,,20.62%,20.16%,,,,,,,,,,,,,,,,,,,,,,,
07/08/2020,0.00%,14.03%,16.84%,17.38%,18.02%,19.47%,19.39%,20.01%,,20.45%,20.92%,0.00%,19.75%,,20.56%,20.16%,,,,,,,,,,,,,,,,,,,,,,,
10/08/2020,0.00%,14.03%,17.17%,17.10%,18.66%,19.24%,19.21%,20.16%,,20.23%,20.97%,0.00%,20.55%,,18.79%,20.50%,,,,,,,,,,,,,,,,,,,,,,,
11/08/2020,0.00%,13.07%,16.21%,17.49%,18.78%,19.52%,19.09%,20.12%,,19.05%,20.97%,0.00%,20.73%,,20.82%,20.10%,,,,,,,,,,,,,,,,,,,,,,,
12/08/2020,0.00%,13.07%,16.33%,17.37%,18.55%,19.29%,19.85%,19.97%,,19.31%,21.01%,0.00%,20.73%,,20.83%,20.10%,,,,,,,,,,,,,,,,,,,,,,,
13/08/2020,0.00%,15.29%,17.05%,17.51%,18.60%,19.53%,19.44%,20.04%,,19.41%,20.91%,0.00%,20.73%,,20.84%,20.10%,,,,,,,,,,,,,,,,,,,,,,,
14/08/2020,0.00%,15.80%,16.68%,17.59%,17.96%,19.31%,19.25%,20.25%,20.00%,19.41%,21.04%,0.00%,20.73%,,20.84%,20.10%,,,,,,,,,,,,,,,,,,,,,,,
17/08/2020,0.00%,15.83%,16.84%,18.10%,18.34%,19.37%,19.25%,20.16%,20.00%,19.14%,21.04%,0.00%,21.62%,,20.75%,20.10%,,,,,,,,,,,,,,,,,,,,,,,
18/08/2020,0.00%,15.78%,16.02%,18.12%,18.65%,19.43%,19.53%,19.93%,19.90%,19.14%,21.06%,0.00%,21.62%,,20.75%,20.10%,,,,,,,,,,,,,,,,,,,,,,,
19/08/2020,0.00%,15.36%,16.51%,18.00%,18.79%,19.41%,19.50%,20.06%,20.16%,19.41%,20.85%,0.00%,19.85%,,20.85%,20.10%,,,,,,,,,,,,,,,,,,,,,,,
20/08/2020,0.00%,15.36%,16.72%,17.99%,18.53%,19.40%,19.65%,20.17%,19.89%,20.45%,20.55%,0.00%,20.63%,,20.85%,20.10%,,,,,,,,,,,,,,,,,,,,,,,
21/08/2020,0.00%,15.35%,16.74%,17.62%,18.25%,19.35%,19.31%,18.90%,19.88%,20.45%,21.00%,0.00%,20.63%,,20.85%,20.10%,,,,,,,,,,,,,,,,,,,,,,,
24/08/2020,0.00%,15.35%,16.69%,17.93%,18.24%,19.30%,20.19%,20.11%,20.20%,19.40%,21.66%,0.00%,20.63%,,20.84%,20.10%,,,,,,,,,,,,,,,,,,,,,,,
25/08/2020,0.00%,15.30%,16.49%,17.74%,18.35%,19.30%,19.55%,20.32%,19.49%,19.40%,20.92%,0.00%,20.63%,,20.84%,20.23%,,,,,,,,,,,,,,,,,,,,,,,
26/08/2020,0.00%,14.79%,16.27%,18.62%,18.79%,18.93%,19.56%,20.21%,19.94%,19.00%,20.91%,0.00%,20.63%,,20.50%,20.23%,,,,,,,,,,,,,,,,,,,,,,,
27/08/2020,0.00%,13.21%,16.70%,17.83%,18.29%,18.77%,19.56%,20.32%,19.93%,19.41%,20.79%,0.00%,21.44%,,20.50%,20.23%,,,,,,,,,,,,,,,,,,,,,,,
28/08/2020,0.00%,15.88%,16.56%,18.02%,18.84%,19.75%,19.03%,20.33%,19.94%,19.41%,20.98%,0.00%,21.15%,,20.50%,20.15%,,,,,,,,,,,,,,,,,,,,,,,
31/08/2020,0.00%,16.07%,16.39%,18.21%,18.35%,19.55%,19.38%,20.07%,19.80%,19.41%,20.84%,0.00%,20.79%,,20.43%,20.39%,,,,,,,,,,,,,,,,,,,,,,,
01/09/2020,0.00%,16.07%,16.88%,18.18%,18.58%,19.38%,20.27%,19.62%,19.89%,19.28%,21.12%,0.00%,21.50%,,21.45%,20.70%,,,,,,,,,,,,,,,,,,,,,,,
02/09/2020,,15.86%,16.94%,18.04%,18.68%,19.17%,19.51%,19.28%,19.71%,19.28%,20.99%,0.00%,21.65%,,21.40%,20.46%,,,,,,,,,,,,,,,,,,,,,,,
03/09/2020,0.00%,14.57%,16.96%,18.15%,18.88%,18.27%,19.57%,20.11%,19.92%,19.28%,20.95%,0.00%,21.26%,,21.40%,20.70%,,,,,,,,,,,,,,,,,,,,,,,
04/09/2020,0.00%,14.57%,16.52%,17.97%,18.65%,18.54%,19.37%,20.25%,19.81%,19.28%,20.79%,0.00%,21.20%,,21.16%,21.35%,,,,,,,,,,,,,,,,,,,,,,,
07/09/2020,0.00%,16.41%,16.35%,17.83%,18.80%,19.63%,20.97%,19.78%,19.82%,19.28%,21.04%,0.00%,21.50%,,20.94%,20.89%,,,,,,,,,,,,,,,,,,,,,,,
08/09/2020,0.00%,13.71%,16.55%,17.99%,18.49%,19.48%,19.47%,19.70%,20.63%,19.47%,21.04%,0.00%,21.30%,,20.22%,20.53%,,,,,,,,,,,,,,,,,,,,,,,
09/09/2020,0.00%,15.29%,17.00%,18.16%,18.70%,19.49%,20.56%,19.61%,20.69%,19.47%,20.97%,0.00%,21.40%,,20.90%,20.53%,,,,,,,,,,,,,,,,,,,,,,,
10/09/2020,0.00%,15.29%,16.84%,18.15%,19.60%,19.23%,19.81%,20.76%,19.76%,19.47%,20.91%,0.00%,21.20%,,20.84%,20.53%,,,,,,,,,,,,,,,,,,,,,,,
11/09/2020,0.00%,15.15%,16.90%,18.24%,18.40%,19.62%,19.72%,19.66%,20.19%,20.15%,20.87%,0.00%,21.36%,,20.80%,20.53%,,,,,,,,,,,,,,,,,,,,,,,
14/09/2020,0.00%,15.15%,16.15%,18.25%,18.83%,19.57%,19.93%,20.62%,20.38%,20.15%,20.90%,0.00%,21.36%,,20.28%,20.53%,,,,,,,,,,,,,,,,,,,,,,,
15/09/2020,0.00%,15.15%,16.61%,17.98%,18.58%,19.75%,19.91%,20.56%,20.30%,20.15%,21.09%,0.00%,21.75%,,20.58%,20.53%,,,,,,,,,,,,,,,,,,,,,,,
16/09/2020,0.00%,15.55%,16.85%,17.90%,18.64%,19.88%,19.46%,20.25%,20.00%,20.15%,20.96%,0.00%,21.43%,,20.86%,20.80%,,,,,,,,,,,,,,,,,,,,,,,
17/09/2020,0.00%,15.23%,16.91%,18.60%,19.00%,19.75%,19.62%,20.50%,19.96%,20.15%,21.11%,0.00%,21.30%,,20.58%,20.45%,,,,,,,,,,,,,,,,,,,,,,,
18/09/2020,0.00%,14.83%,16.80%,18.12%,19.00%,19.62%,19.38%,20.34%,20.03%,20.15%,21.02%,0.00%,21.58%,,20.58%,20.60%,,,,,,,,,,,,,,,,,,,,,,,
22/09/2020,0.00%,14.92%,16.56%,18.30%,18.81%,18.84%,19.77%,19.53%,20.36%,20.15%,20.89%,0.00%,21.31%,,20.97%,20.74%,,,,,,,,,,,,,,,,,,,,,,,
23/09/2020,0.00%,14.92%,16.88%,18.29%,18.86%,19.71%,19.77%,20.22%,20.08%,20.50%,20.69%,0.00%,20.98%,,20.97%,20.78%,,,,,,,,,,,,,,,,,,,,,,,
24/09/2020,0.00%,14.92%,16.84%,18.30%,18.80%,19.87%,19.95%,20.18%,19.99%,20.45%,21.00%,0.00%,20.99%,,20.72%,20.78%,,,,,,,,,,,,,,,,,,,,,,,
25/09/2020,0.00%,14.39%,16.42%,18.06%,18.64%,20.02%,19.67%,20.69%,20.34%,20.45%,20.91%,0.00%,21.03%,,20.72%,20.74%,,,,,,,,,,,,,,,,,,,,,,,
28/09/2020,0.00%,13.58%,16.82%,18.15%,18.57%,19.82%,19.69%,20.61%,20.01%,20.45%,20.90%,0.00%,21.59%,,20.72%,20.85%,,,,,,,,,,,,,,,,,,,,,,,
29/09/2020,0.00%,13.52%,16.70%,18.06%,18.77%,19.67%,19.44%,20.53%,19.65%,20.45%,20.92%,0.00%,21.43%,,20.91%,20.85%,,,,,,,,,,,,,,,,,,,,,,,
30/09/2020,0.00%,15.65%,16.66%,18.30%,18.86%,19.72%,19.50%,20.44%,20.43%,20.45%,20.95%,0.00%,21.29%,,20.91%,20.71%,,,,,,,,,,,,,,,,,,,,,,,
01/10/2020,0.00%,14.79%,16.66%,18.20%,18.41%,19.60%,19.80%,20.27%,20.18%,20.45%,20.94%,0.00%,21.41%,,20.91%,20.62%,,,,,,,,,,,,,,,,,,,,,,,
02/10/2020,0.00%,15.92%,16.42%,18.21%,18.75%,19.90%,20.15%,20.33%,20.18%,20.45%,20.92%,0.00%,21.41%,,20.91%,20.62%,,,,,,,,,,,,,,,,,,,,,,,
05/10/2020,0.00%,14.25%,16.40%,18.11%,17.51%,19.81%,20.19%,20.36%,20.18%,20.45%,20.88%,0.00%,21.17%,,20.77%,20.81%,,,,,,,,,,,,,,,,,,,,,,,
06/10/2020,0.00%,14.36%,16.44%,18.23%,18.66%,19.57%,19.57%,20.70%,20.01%,20.45%,20.89%,0.00%,21.41%,,22.25%,20.81%,,,,,,,,,,,,,,,,,,,,,,,
07/10/2020,0.00%,14.36%,16.60%,18.48%,18.14%,19.60%,19.57%,20.68%,19.92%,20.45%,20.92%,0.00%,20.91%,,22.68%,20.81%,,,,,,,,,,,,,,,,,,,,,,,
08/10/2020,0.00%,14.36%,17.60%,18.22%,19.03%,19.70%,20.05%,20.61%,19.90%,20.45%,20.69%,0.00%,21.29%,,21.93%,20.77%,,,,,,,,,,,,,,,,,,,,,,,
09/10/2020,0.00%,14.77%,16.35%,18.31%,19.25%,19.69%,19.92%,20.75%,19.90%,20.45%,21.30%,0.00%,20.59%,,22.44%,20.79%,,,,,,,,,,,,,,,,,,,,,,,
12/10/2020,0.00%,14.81%,17.53%,18.11%,19.15%,19.79%,19.96%,20.58%,19.90%,20.45%,21.05%,0.00%,20.59%,,22.36%,20.80%,,,,,,,,,,,,,,,,,,,,,,,
13/10/2020,0.00%,14.81%,16.96%,18.44%,18.98%,20.02%,19.53%,20.53%,19.90%,20.45%,21.27%,0.00%,20.80%,,22.07%,20.80%,,,,,,,,,,,,,,,,,,,,,,,
14/10/2020,0.00%,14.81%,16.79%,18.57%,18.59%,19.92%,19.87%,20.47%,19.90%,20.45%,21.27%,0.00%,20.65%,,22.74%,20.87%,,,,,,,,,,,,,,,,,,,,,,,
15/10/2020,0.00%,13.76%,17.04%,18.27%,18.67%,19.32%,19.91%,20.53%,19.95%,20.45%,20.21%,0.00%,20.65%,,22.11%,20.80%,,,,,,,,,,,,,,,,,,,,,,,
16/10/2020,0.00%,14.48%,16.90%,18.11%,18.59%,18.43%,19.73%,20.55%,19.95%,20.45%,21.15%,0.00%,20.84%,,21.89%,20.80%,,,,,,,,,,,,,,,,,,,,,,,
19/10/2020,0.00%,14.89%,16.88%,18.12%,18.95%,19.49%,19.95%,20.52%,22.09%,20.45%,21.06%,0.00%,20.83%,,21.21%,20.80%,,,,,,,,,,,,,,,,,,,,,,,
20/10/2020,0.00%,14.42%,17.00%,18.02%,18.65%,20.00%,19.68%,20.28%,20.00%,20.45%,21.06%,0.00%,20.75%,,20.62%,20.80%,,,,,,,,,,,,,,,,,,,,,,,
21/10/2020,0.00%,14.01%,17.06%,18.49%,18.43%,19.65%,19.86%,20.62%,20.01%,20.45%,21.06%,0.00%,20.75%,,22.25%,20.00%,,,,,,,,,,,,,,,,,,,,,,,
22/10/2020,0.00%,13.85%,17.16%,18.33%,18.47%,19.82%,20.10%,20.50%,19.90%,20.45%,20.55%,0.00%,21.03%,,21.24%,20.00%,,,,,,,,,,,,,,,,,,,,,,,
23/10/2020,0.00%,15.89%,17.01%,18.24%,19.43%,19.63%,19.97%,19.99%,21.64%,20.45%,20.24%,0.00%,21.03%,,22.21%,20.95%,,,,,,,,,,,,,,,,,,,,,,,
26/10/2020,0.00%,14.39%,16.56%,18.00%,19.39%,20.15%,19.74%,20.43%,21.83%,20.45%,21.07%,0.00%,21.49%,,22.11%,20.95%,,,,,,,,,,,,,,,,,,,,,,,
27/10/2020,0.00%,14.29%,17.00%,18.33%,19.24%,19.73%,19.82%,20.51%,21.02%,20.45%,20.20%,0.00%,21.42%,,22.13%,20.95%,,,,,,,,,,,,,,,,,,,,,,,
28/10/2020,0.00%,14.38%,16.59%,17.98%,18.99%,19.42%,20.18%,20.29%,20.66%,20.45%,20.20%,0.00%,21.42%,,21.71%,20.84%,,,,,,,,,,,,,,,,,,,,,,,
29/10/2020,0.00%,14.24%,16.47%,18.23%,18.91%,19.92%,19.84%,20.50%,20.22%,20.45%,20.20%,0.00%,21.05%,,21.04%,20.72%,,,,,,,,,,,,,,,,,,,,,,,
30/10/2020,0.00%,14.24%,16.29%,18.43%,19.19%,20.00%,20.37%,20.22%,20.81%,20.45%,20.74%,0.00%,21.06%,,21.93%,20.77%,,,,,,,,,,,,,,,,,,,,,,,
02/11/2020,0.00%,15.54%,16.19%,18.64%,18.99%,19.83%,20.12%,20.54%,20.75%,20.45%,20.80%,0.00%,21.09%,,21.86%,20.77%,,,,,,,,,,,,,,,,,,,,,,,
03/11/2020,0.00%,15.29%,16.00%,18.01%,19.02%,19.61%,19.93%,20.09%,20.19%,20.76%,20.58%,0.00%,21.23%,,22.03%,20.77%,,,,,,,,,,,,,,,,,,,,,,,
04/11/2020,0.00%,12.10%,16.20%,17.89%,19.12%,19.88%,20.21%,19.83%,20.57%,20.10%,20.58%,0.00%,21.23%,,20.75%,20.77%,,,,,,,,,,,,,,,,,,,,,,,
05/11/2020,0.00%,12.10%,16.54%,18.43%,19.60%,19.54%,20.35%,20.12%,20.79%,20.53%,20.55%,0.00%,21.59%,,22.12%,20.77%,,,,,,,,,,,,,,,,,,,,,,,
06/11/2020,0.00%,12.10%,17.00%,18.21%,18.93%,19.39%,20.10%,20.12%,20.23%,20.53%,20.90%,0.00%,21.45%,,21.97%,20.64%,,,,,,,,,,,,,,,,,,,,,,,
09/11/2020,0.00%,11.77%,16.18%,18.39%,18.66%,19.86%,20.23%,20.42%,20.15%,20.00%,20.90%,0.00%,21.23%,,21.97%,20.64%,,,,,,,,,,,,,,,,,,,,,,,
10/11/2020,0.00%,15.09%,16.08%,18.31%,21.40%,19.74%,20.21%,20.08%,20.05%,20.00%,20.90%,0.00%,21.38%,,21.40%,20.55%,,,,,,,,,,,,,,,,,,,,,,,
11/11/2020,0.00%,15.09%,16.51%,18.16%,19.14%,19.57%,19.76%,19.62%,20.05%,20.00%,20.80%,0.00%,20.76%,,21.40%,20.55%,,,,,,,,,,,,,,,,,,,,,,,
12/11/2020,0.00%,15.09%,16.26%,18.26%,18.87%,19.71%,19.84%,19.98%,20.05%,20.00%,20.46%,0.00%,20.76%,,21.40%,20.55%,,,,,,,,,,,,,,,,,,,,,,,
13/11/2020,0.00%,14.47%,16.66%,18.08%,19.11%,19.31%,19.80%,20.14%,20.05%,20.00%,20.68%,0.00%,20.76%,,20.75%,21.51%,,,,,,,,,,,,,,,,,,,,,,,
16/11/2020,0.00%,14.47%,17.14%,18.26%,18.84%,20.04%,20.44%,20.19%,22.07%,20.00%,20.57%,0.00%,20.76%,,21.04%,21.49%,,,,,,,,,,,,,,,,,,,,,,,
17/11/2020,0.00%,14.47%,16.05%,17.49%,21.26%,19.39%,19.86%,19.42%,20.38%,20.00%,20.41%,0.00%,20.82%,,20.68%,21.24%,,,,,,,,,,,,,,,,,,,,,,,
18/11/2020,0.00%,14.47%,15.51%,17.84%,19.11%,19.05%,19.38%,19.67%,20.42%,20.61%,20.41%,0.00%,20.75%,,20.68%,20.50%,,,,,,,,,,,,,,,,,,,,,,,
19/11/2020,0.00%,14.47%,15.63%,18.07%,18.46%,19.45%,19.17%,20.01%,20.40%,20.63%,19.90%,0.00%,21.48%,,20.68%,20.50%,,,,,,,,,,,,,,,,,,,,,,,
20/11/2020,0.00%,13.79%,16.41%,16.85%,19.15%,19.27%,19.17%,20.07%,20.24%,20.84%,21.05%,0.00%,21.48%,,20.86%,20.13%,,,,,,,,,,,,,,,,,,,,,,,
23/11/2020,0.00%,13.79%,17.96%,18.03%,18.57%,19.58%,19.23%,20.21%,20.37%,20.29%,21.05%,0.00%,21.75%,,21.08%,20.00%,,,,,,,,,,,,,,,,,,,,,,,
24/11/2020,0.00%,13.79%,16.99%,17.66%,18.51%,19.53%,20.71%,20.29%,20.83%,20.84%,21.05%,0.00%,21.55%,,21.10%,20.00%,,,,,,,,,,,,,,,,,,,,,,,
25/11/2020,0.00%,13.79%,16.59%,18.15%,19.14%,19.32%,20.42%,20.12%,20.44%,20.84%,21.05%,0.00%,21.55%,,20.63%,20.00%,,,,,,,,,,,,,,,,,,,,,,,
26/11/2020,0.00%,13.79%,16.12%,18.42%,19.08%,19.42%,20.27%,20.15%,20.46%,20.46%,21.05%,0.00%,21.55%,,20.57%,20.00%,,,,,,,,,,,,,,,,,,,,,,,
27/11/2020,0.00%,13.79%,16.57%,17.46%,18.94%,19.79%,20.31%,20.29%,20.38%,20.61%,20.75%,0.00%,21.30%,,20.57%,20.60%,,,,,,,,,,,,,,,,,,,,,,,
30/11/2020,0.00%,13.79%,16.11%,17.88%,19.02%,19.53%,20.33%,19.87%,20.36%,20.61%,21.05%,0.00%,21.45%,,20.72%,20.12%,,,,,,,,,,,,,,,,,,,,,,,
01/12/2020,0.00%,13.79%,17.17%,17.80%,18.96%,19.53%,20.23%,20.44%,20.50%,20.61%,21.05%,0.00%,21.43%,,20.72%,20.88%,,,,,,,,,,,,,,,,,,,,,,,
02/12/2020,0.00%,13.79%,16.54%,19.94%,18.85%,19.83%,20.27%,20.19%,20.55%,20.61%,20.68%,0.00%,21.41%,,20.72%,20.75%,,,,,,,,,,,,,,,,,,,,,,,
03/12/2020,0.00%,13.79%,15.75%,17.79%,19.63%,19.65%,20.16%,20.53%,20.55%,20.61%,21.05%,0.00%,21.40%,,20.72%,20.75%,,,,,,,,,,,,,,,,,,,,,,,
04/12/2020,0.00%,13.79%,15.08%,17.49%,19.71%,20.57%,20.17%,20.38%,20.63%,20.61%,20.78%,0.00%,21.35%,,20.72%,20.75%,,,,,,,,,,,,,,,,,,,,,,,
08/12/2020,0.00%,13.79%,15.34%,18.08%,19.47%,19.94%,20.44%,20.48%,20.41%,20.61%,20.78%,0.00%,21.49%,,20.72%,20.75%,,,,,,,,,,,,,,,,,,,,,,,
09/12/2020,0.00%,13.79%,16.72%,17.86%,19.32%,19.06%,20.18%,20.44%,20.49%,20.75%,20.58%,0.00%,21.49%,,21.02%,20.92%,,,,,,,,,,,,,,,,,,,,,,,
10/12/2020,0.00%,13.79%,17.22%,18.04%,19.17%,19.09%,20.15%,20.40%,20.52%,20.75%,20.51%,0.00%,21.30%,,20.76%,20.84%,,,,,,,,,,,,,,,,,,,,,,,
11/12/2020,0.00%,13.79%,15.40%,17.79%,19.05%,19.52%,19.93%,20.27%,20.55%,20.11%,20.51%,0.00%,21.35%,,20.76%,20.92%,,,,,,,,,,,,,,,,,,,,,,,
14/12/2020,0.00%,13.79%,17.16%,18.09%,19.07%,19.62%,20.09%,20.25%,20.27%,20.11%,20.60%,0.00%,21.29%,,20.76%,20.92%,,,,,,,,,,,,,,,,,,,,,,,
15/12/2020,0.00%,13.79%,16.27%,17.86%,19.11%,19.50%,20.02%,20.30%,20.33%,20.10%,20.63%,0.00%,21.08%,,21.31%,20.92%,,,,,,,,,,,,,,,,,,,,,,,
16/12/2020,0.00%,13.79%,17.22%,17.99%,18.94%,19.56%,19.84%,20.25%,19.81%,20.31%,20.51%,0.00%,21.08%,,21.31%,20.92%,,,,,,,,,,,,,,,,,,,,,,,
17/12/2020,0.00%,13.79%,16.81%,17.85%,18.77%,19.22%,19.95%,20.17%,20.26%,20.17%,20.47%,0.00%,21.15%,,21.12%,21.16%,,,,,,,,,,,,,,,,,,,,,,,
18/12/2020,0.00%,13.79%,15.39%,18.07%,18.93%,19.43%,19.95%,20.14%,20.29%,20.17%,20.52%,0.00%,21.15%,,21.31%,20.92%,,,,,,,,,,,,,,,,,,,,,,,
21/12/2020,0.00%,13.79%,17.47%,17.95%,19.19%,19.50%,19.92%,20.15%,20.26%,20.15%,20.40%,0.00%,20.93%,,21.31%,22.01%,,,,,,,,,,,,,,,,,,,,,,,
22/12/2020,0.00%,13.79%,18.71%,18.01%,19.09%,19.26%,19.36%,20.02%,20.20%,20.89%,20.40%,0.00%,20.51%,,20.76%,21.91%,,,,,,,,,,,,,,,,,,,,,,,
23/12/2020,0.00%,13.79%,18.14%,18.43%,19.15%,19.47%,19.96%,20.07%,20.23%,20.63%,20.32%,0.00%,21.20%,,21.20%,20.77%,,,,,,,,,,,,,,,,,,,,,,,
24/12/2020,0.00%,13.79%,16.18%,18.34%,18.70%,19.60%,19.69%,19.98%,20.10%,19.64%,20.62%,0.00%,20.75%,,20.88%,21.32%,,,,,,,,,,,,,,,,,,,,,,,
29/12/2020,0.00%,13.79%,16.46%,18.20%,19.15%,15.10%,19.85%,20.21%,19.87%,20.40%,20.62%,0.00%,20.85%,,21.17%,20.96%,,,,,,,,,,,,,,,,,,,,,,,
30/12/2020,0.00%,13.79%,17.05%,19.43%,19.38%,19.56%,19.96%,19.83%,19.99%,20.67%,20.46%,0.00%,20.85%,,21.17%,20.58%,,,,,,,,,,,,,,,,,,,,,,,
31/12/2020,0.00%,13.79%,18.13%,19.08%,18.81%,19.19%,19.53%,19.82%,19.90%,20.24%,20.42%,0.00%,20.85%,,20.89%,21.84%,,,,,,,,,,,,,,,,,,,,,,,
04/01/2021,0.00%,0.00%,17.62%,18.87%,18.36%,18.60%,19.66%,19.98%,20.05%,20.10%,20.43%,0.00%,20.80%,,20.89%,20.97%,,,,,,,,,,,,,,,,,,,,,,,
05/01/2021,0.00%,0.00%,20.13%,19.75%,18.67%,19.43%,19.57%,19.99%,19.95%,20.10%,20.31%,0.00%,20.91%,,20.96%,21.39%,,,,,,,,,,,,,,,,,,,,,,,
06/01/2021,0.00%,0.00%,19.12%,18.64%,18.58%,19.24%,19.57%,19.77%,19.87%,20.10%,20.41%,0.00%,20.91%,,21.31%,21.37%,,,,,,,,,,,,,,,,,,,,,,,
08/01/2021,0.00%,0.00%,17.13%,19.10%,18.63%,19.29%,19.32%,19.92%,19.78%,20.94%,20.28%,0.00%,20.86%,,20.71%,20.97%,,,,,,,,,,,,,,,,,,,,,,,
11/01/2021,0.00%,0.00%,17.09%,19.09%,18.70%,19.36%,19.42%,19.87%,19.96%,19.92%,20.32%,0.00%,20.86%,,20.26%,21.13%,,,,,,,,,,,,,,,,,,,,,,,
12/01/2021,0.00%,0.00%,17.05%,18.05%,18.68%,19.19%,19.28%,18.67%,19.93%,20.04%,20.17%,0.00%,20.86%,,20.26%,20.85%,,,,,,,,,,,,,,,,,,,,,,,
13/01/2021,0.00%,0.00%,17.02%,18.57%,18.60%,18.76%,19.21%,19.54%,19.92%,19.82%,20.04%,0.00%,20.86%,,20.72%,20.53%,,,,,,,,,,,,,,,,,,,,,,,
14/01/2021,0.00%,0.00%,18.00%,19.17%,18.71%,18.54%,19.59%,19.22%,19.57%,19.64%,20.09%,0.00%,20.37%,,21.05%,20.69%,,,,,,,,,,,,,,,,,,,,,,,
15/01/2021,0.00%,0.00%,17.32%,17.87%,18.32%,18.45%,18.74%,18.87%,19.57%,19.31%,19.55%,0.00%,20.14%,,19.98%,20.71%,,,,,,,,,,,,,,,,,,,,,,,
18/01/2021,0.00%,0.00%,18.26%,20.20%,18.11%,18.63%,18.73%,18.64%,19.79%,18.97%,19.75%,0.00%,20.24%,,20.14%,20.22%,,,,,,,,,,,,,,,,,,,,,,,
19/01/2021,0.00%,0.00%,18.51%,18.58%,18.16%,18.29%,18.99%,18.80%,19.21%,19.09%,19.82%,0.00%,19.58%,,20.85%,20.89%,,,,,,,,,,,,,,,,,,,,,,,
20/01/2021,0.00%,0.00%,18.39%,18.40%,18.50%,18.63%,18.48%,19.26%,18.53%,19.03%,19.51%,0.00%,19.50%,,19.30%,20.94%,,,,,,,,,,,,,,,,,,,,,,,
21/01/2021,0.00%,0.00%,18.40%,18.49%,17.83%,18.28%,18.77%,18.71%,19.37%,19.03%,19.21%,0.00%,19.50%,,19.30%,20.94%,,,,,,,,,,,,,,,,,,,,,,,
22/01/2021,0.00%,0.00%,16.73%,17.42%,18.51%,18.06%,18.68%,18.57%,19.29%,19.03%,19.25%,0.00%,19.63%,,20.96%,21.25%,,,,,,,,,,,,,,,,,,,,,,,
25/01/2021,0.00%,0.00%,16.97%,17.21%,18.22%,18.58%,18.52%,19.14%,19.24%,19.03%,19.20%,0.00%,19.58%,,20.11%,20.32%,,,,,,,,,,,,,,,,,,,,,,,
26/01/2021,0.00%,0.00%,17.37%,17.78%,17.82%,18.28%,18.82%,18.75%,19.24%,19.03%,19.18%,0.00%,19.50%,,20.00%,20.25%,,,,,,,,,,,,,,,,,,,,,,,
27/01/2021,0.00%,0.00%,17.74%,17.68%,17.88%,17.75%,18.67%,18.70%,19.20%,19.24%,19.34%,0.00%,19.79%,,19.70%,20.25%,,,,,,,,,,,,,,,,,,,,,,,
28/01/2021,0.00%,0.00%,15.89%,16.71%,17.86%,18.13%,18.55%,18.76%,19.21%,19.23%,19.10%,0.00%,19.62%,,19.59%,20.91%,,,,,,,,,,,,,,,,,,,,,,,
29/01/2021,0.00%,0.00%,15.98%,16.92%,17.72%,18.42%,18.45%,19.20%,19.41%,18.96%,19.04%,0.00%,19.57%,,20.00%,21.07%,,,,,,,,,,,,,,,,,,,,,,,
01/02/2021,0.00%,0.00%,17.57%,16.99%,17.77%,17.43%,18.57%,18.71%,19.18%,19.10%,19.39%,0.00%,19.55%,,19.61%,21.07%,,,,,,,,,,,,,,,,,,,,,,,
02/02/2021,0.00%,0.00%,16.77%,16.86%,17.44%,17.85%,18.51%,19.03%,19.21%,19.03%,19.34%,0.00%,19.55%,,19.61%,21.07%,,,,,,,,,,,,,,,,,,,,,,,
03/02/2021,0.00%,0.00%,16.77%,17.19%,17.58%,17.89%,18.68%,19.35%,19.19%,19.63%,19.26%,0.00%,19.60%,,19.47%,21.07%,,,,,,,,,,,,,,,,,,,,,,,
04/02/2021,0.00%,0.00%,16.75%,17.17%,18.14%,18.51%,18.35%,18.98%,19.24%,18.99%,19.73%,0.00%,19.60%,,19.75%,20.14%,,,,,,,,,,,,,,,,,,,,,,,
05/02/2021,0.00%,0.00%,15.13%,16.87%,17.57%,17.97%,18.65%,18.74%,19.15%,18.63%,19.39%,0.00%,19.60%,,19.74%,20.14%,,,,,,,,,,,,,,,,,,,,,,,
08/02/2021,0.00%,0.00%,16.80%,17.09%,17.50%,17.90%,18.55%,18.70%,19.23%,18.62%,19.30%,0.00%,19.71%,,19.74%,20.79%,,,,,,,,,,,,,,,,,,,,,,,
09/02/2021,0.00%,0.00%,16.50%,17.38%,17.51%,18.68%,18.57%,18.96%,19.14%,19.47%,19.30%,0.00%,19.50%,,19.74%,20.50%,,,,,,,,,,,,,,,,,,,,,,,
10/02/2021,0.00%,0.00%,17.22%,17.18%,17.39%,17.70%,18.51%,18.83%,19.11%,19.05%,19.00%,0.00%,19.60%,,19.74%,20.50%,,,,,,,,,,,,,,,,,,,,,,,
11/02/2021,0.00%,0.00%,16.58%,17.10%,17.56%,18.09%,19.17%,18.83%,19.09%,19.17%,19.00%,0.00%,19.56%,,19.74%,19.70%,,,,,,,,,,,,,,,,,,,,,,,
12/02/2021,0.00%,0.00%,15.81%,17.48%,17.85%,17.49%,18.83%,19.46%,18.99%,18.98%,19.13%,0.00%,19.56%,,19.74%,19.64%,,,,,,,,,,,,,,,,,,,,,,,
15/02/2021,0.00%,0.00%,16.58%,17.25%,17.68%,17.49%,18.05%,19.49%,19.08%,18.98%,19.13%,0.00%,19.56%,,19.74%,19.59%,,,,,,,,,,,,,,,,,,,,,,,
16/02/2021,0.00%,0.00%,16.00%,17.24%,17.72%,18.36%,18.39%,18.68%,19.08%,18.98%,18.82%,0.00%,19.50%,,19.74%,19.69%,,,,,,,,,,,,,,,,,,,,,,,
17/02/2021,0.00%,0.00%,16.50%,16.66%,17.35%,17.92%,18.22%,18.30%,19.07%,18.98%,18.40%,0.00%,19.49%,,19.74%,19.69%,,,,,,,,,,,,,,,,,,,,,,,
18/02/2021,0.00%,0.00%,16.50%,17.11%,17.19%,18.31%,18.12%,18.18%,19.06%,18.67%,18.80%,0.00%,19.45%,,19.74%,19.66%,,,,,,,,,,,,,,,,,,,,,,,
19/02/2021,0.00%,0.00%,16.09%,17.34%,17.53%,18.01%,17.91%,18.96%,19.04%,18.90%,19.11%,0.00%,19.50%,,19.56%,19.63%,,,,,,,,,,,,,,,,,,,,,,,
22/02/2021,0.00%,0.00%,15.99%,17.26%,17.64%,18.01%,18.49%,18.72%,19.03%,19.07%,19.19%,0.00%,19.45%,,19.53%,19.63%,,,,,,,,,,,,,,,,,,,,,,,
23/02/2021,0.00%,0.00%,16.28%,17.14%,17.60%,18.02%,18.29%,18.41%,18.86%,18.70%,19.03%,0.00%,19.40%,,19.84%,19.63%,,,,,,,,,,,,,,,,,,,,,,,
24/02/2021,0.00%,0.00%,16.28%,17.38%,18.04%,18.61%,18.38%,18.57%,18.93%,19.10%,19.11%,0.00%,19.20%,,19.84%,19.63%,,,,,,,,,,,,,,,,,,,,,,,
25/02/2021,0.00%,0.00%,16.28%,17.26%,17.76%,18.21%,18.22%,18.62%,18.81%,18.91%,19.21%,0.00%,19.40%,,19.25%,19.63%,,,,,,,,,,,,,,,,,,,,,,,
26/02/2021,0.00%,0.00%,17.37%,16.61%,17.60%,18.01%,18.73%,18.62%,18.88%,18.73%,19.23%,0.00%,19.42%,,19.62%,19.63%,,,,,,,,,,,,,,,,,,,,,,,
01/03/2021,0.00%,0.00%,15.86%,16.91%,17.48%,18.17%,18.40%,18.69%,18.90%,18.94%,19.16%,0.00%,19.58%,,20.11%,19.63%,,,,,,,,,,,,,,,,,,,,,,,
02/03/2021,0.00%,0.00%,17.42%,16.96%,17.51%,18.17%,18.61%,18.58%,18.79%,19.01%,19.22%,0.00%,19.47%,,20.00%,19.63%,,,,,,,,,,,,,,,,,,,,,,,
03/03/2021,0.00%,0.00%,16.86%,17.03%,17.34%,18.43%,18.31%,18.68%,18.92%,18.80%,19.18%,0.00%,19.50%,,19.55%,19.63%,,,,,,,,,,,,,,,,,,,,,,,
04/03/2021,0.00%,0.00%,16.72%,16.99%,17.51%,18.13%,18.30%,18.74%,18.74%,18.87%,19.13%,0.00%,19.47%,,19.89%,19.63%,,,,,,,,,,,,,,,,,,,,,,,
05/03/2021,0.00%,0.00%,17.03%,16.68%,17.44%,18.06%,18.20%,18.71%,18.86%,18.65%,19.11%,0.00%,19.59%,,19.45%,19.63%,,,,,,,,,,,,,,,,,,,,,,,
09/03/2021,0.00%,0.00%,18.11%,16.54%,17.31%,18.19%,18.34%,18.39%,18.91%,18.85%,19.13%,0.00%,19.56%,,19.45%,19.63%,,,,,,,,,,,,,,,,,,,,,,,
10/03/2021,0.00%,0.00%,16.58%,16.15%,17.22%,18.69%,18.18%,18.29%,18.31%,18.85%,18.97%,0.00%,19.56%,,20.00%,19.63%,,,,,,,,,,,,,,,,,,,,,,,
11/03/2021,0.00%,0.00%,17.34%,17.16%,17.57%,18.35%,18.60%,18.13%,18.61%,19.04%,18.97%,0.00%,19.75%,,19.97%,19.63%,,,,,,,,,,,,,,,,,,,,,,,
12/03/2021,0.00%,0.00%,17.34%,16.64%,17.50%,18.41%,18.37%,18.21%,18.61%,18.30%,18.93%,0.00%,19.57%,,19.81%,19.63%,,,,,,,,,,,,,,,,,,,,,,,
15/03/2021,0.00%,0.00%,17.34%,16.62%,17.47%,17.98%,18.18%,18.24%,18.61%,18.76%,18.82%,0.00%,19.58%,,19.52%,19.63%,,,,,,,,,,,,,,,,,,,,,,,
16/03/2021,0.00%,0.00%,17.34%,16.62%,17.41%,17.60%,18.34%,18.15%,18.73%,18.24%,18.68%,0.00%,19.39%,,19.90%,19.63%,,,,,,,,,,,,,,,,,,,,,,,
17/03/2021,0.00%,0.00%,17.34%,16.62%,17.45%,17.50%,18.37%,18.23%,18.81%,18.67%,19.02%,0.00%,19.57%,,20.58%,19.63%,,,,,,,,,,,,,,,,,,,,,,,
18/03/2021,0.00%,0.00%,17.34%,16.73%,17.44%,17.69%,18.81%,18.26%,19.03%,18.26%,19.20%,0.00%,19.41%,,20.58%,19.63%,,,,,,,,,,,,,,,,,,,,,,,
19/03/2021,0.00%,0.00%,17.06%,16.39%,17.33%,17.68%,18.42%,18.20%,18.99%,18.19%,19.22%,0.00%,19.43%,,20.14%,19.63%,,,,,,,,,,,,,,,,,,,,,,,
22/03/2021,0.00%,0.00%,17.29%,16.60%,17.17%,17.75%,18.42%,18.21%,18.77%,18.42%,18.99%,0.00%,19.47%,,20.14%,19.63%,,,,,,,,,,,,,,,,,,,,,,,
23/03/2021,0.00%,0.00%,17.69%,16.37%,17.16%,17.66%,18.42%,18.36%,19.31%,18.95%,19.01%,0.00%,19.45%,,19.26%,19.63%,,,,,,,,,,,,,,,,,,,,,,,
24/03/2021,0.00%,0.00%,17.49%,16.49%,17.21%,17.70%,18.49%,18.29%,19.04%,18.43%,18.93%,0.00%,19.50%,,19.50%,19.63%,,,,,,,,,,,,,,,,,,,,,,,
25/03/2021,0.00%,0.00%,17.49%,16.42%,17.29%,17.70%,18.25%,18.23%,19.04%,18.53%,18.93%,0.00%,19.51%,,19.94%,19.63%,,,,,,,,,,,,,,,,,,,,,,,
26/03/2021,0.00%,0.00%,17.49%,16.47%,17.26%,18.03%,18.50%,18.58%,18.89%,18.58%,18.96%,0.00%,19.54%,,19.94%,19.63%,,,,,,,,,,,,,,,,,,,,,,,
29/03/2021,0.00%,0.00%,17.49%,16.47%,17.25%,18.21%,18.64%,18.59%,18.96%,18.66%,19.40%,0.00%,19.44%,,19.90%,19.63%,,,,,,,,,,,,,,,,,,,,,,,
30/03/2021,0.00%,0.00%,17.49%,16.70%,17.24%,18.12%,18.45%,18.55%,18.88%,18.77%,19.47%,0.00%,19.42%,,19.78%,19.63%,,,,,,,,,,,,,,,,,,,,,,,
31/03/2021,0.00%,0.00%,17.24%,16.58%,17.25%,18.17%,18.55%,18.32%,18.81%,18.71%,19.41%,0.00%,19.52%,,19.84%,19.63%,,,,,,,,,,,,,,,,,,,,,,,
01/04/2021,0.00%,0.00%,17.58%,16.58%,17.24%,18.17%,18.55%,18.37%,18.85%,18.71%,19.40%,0.00%,19.53%,,19.84%,19.63%,,,,,,,,,,,,,,,,,,,,,,,
06/04/2021,0.00%,0.00%,17.48%,16.70%,17.33%,18.12%,18.87%,18.37%,19.09%,18.51%,19.55%,0.00%,19.57%,,19.74%,19.63%,,,,,,,,,,,,,,,,,,,,,,,
07/04/2021,0.00%,0.00%,17.88%,16.92%,17.20%,17.98%,18.70%,18.62%,19.07%,18.91%,19.40%,0.00%,19.53%,,19.74%,19.63%,,,,,,,,,,,,,,,,,,,,,,,
08/04/2021,0.00%,0.00%,17.80%,16.88%,17.10%,17.80%,18.90%,18.70%,19.09%,18.71%,19.51%,0.00%,19.51%,,19.45%,19.63%,,,,,,,,,,,,,,,,,,,,,,,
09/04/2021,0.00%,0.00%,17.09%,16.85%,17.21%,17.97%,18.82%,18.62%,19.14%,18.71%,19.51%,0.00%,19.48%,,19.90%,19.63%,,,,,,,,,,,,,,,,,,,,,,,
12/04/2021,0.00%,0.00%,17.56%,16.84%,17.53%,17.97%,18.82%,18.58%,19.10%,18.71%,19.49%,0.00%,19.67%,,19.71%,19.63%,,,,,,,,,,,,,,,,,,,,,,,
13/04/2021,0.00%,0.00%,17.50%,16.74%,17.28%,18.12%,18.80%,18.49%,18.97%,18.61%,19.20%,0.00%,19.57%,,19.90%,19.63%,,,,,,,,,,,,,,,,,,,,,,,
14/04/2021,0.00%,0.00%,17.60%,16.42%,17.25%,17.91%,18.70%,18.55%,19.03%,18.58%,19.40%,0.00%,19.57%,,19.44%,19.63%,,,,,,,,,,,,,,,,,,,,,,,
15/04/2021,0.00%,0.00%,17.55%,16.55%,17.35%,17.77%,18.60%,18.68%,19.09%,18.40%,19.51%,0.00%,19.57%,,19.45%,19.63%,,,,,,,,,,,,,,,,,,,,,,,
16/04/2021,0.00%,0.00%,15.55%,16.63%,17.31%,17.94%,18.73%,18.57%,19.02%,18.58%,19.35%,0.00%,19.59%,,19.62%,19.63%,,,,,,,,,,,,,,,,,,,,,,,
19/04/2021,0.00%,0.00%,17.65%,16.53%,17.43%,17.72%,18.63%,18.57%,18.90%,18.58%,19.27%,0.00%,19.76%,,19.55%,19.63%,,,,,,,,,,,,,,,,,,,,,,,
20/04/2021,0.00%,0.00%,17.75%,16.63%,17.23%,17.36%,18.21%,18.38%,19.05%,18.58%,19.37%,0.00%,19.80%,,19.55%,19.63%,,,,,,,,,,,,,,,,,,,,,,,
21/04/2021,0.00%,0.00%,15.90%,16.77%,17.36%,17.22%,18.00%,18.57%,19.10%,18.90%,19.47%,0.00%,19.60%,,19.65%,19.63%,,,,,,,,,,,,,,,,,,,,,,,
22/04/2021,0.00%,0.00%,15.51%,16.64%,17.34%,17.07%,18.28%,18.63%,19.27%,18.95%,19.31%,0.00%,19.67%,,19.65%,19.63%,,,,,,,,,,,,,,,,,,,,,,,
23/04/2021,0.00%,0.00%,15.51%,16.64%,17.46%,17.63%,18.64%,18.70%,19.06%,18.75%,19.44%,0.00%,19.64%,,19.67%,19.65%,,,,,,,,,,,,,,,,,,,,,,,
26/04/2021,0.00%,0.00%,15.51%,16.74%,17.31%,17.73%,18.74%,18.73%,19.14%,18.85%,19.38%,0.00%,19.67%,,19.67%,19.65%,,,,,,,,,,,,,,,,,,,,,,,
27/04/2021,0.00%,0.00%,15.61%,16.98%,17.47%,17.83%,18.84%,18.83%,19.24%,18.80%,19.38%,0.00%,19.58%,,19.62%,19.65%,,,,,,,,,,,,,,,,,,,,,,,
28/04/2021,0.00%,0.00%,15.61%,16.98%,17.28%,17.78%,18.79%,18.81%,19.32%,18.83%,19.38%,0.00%,19.62%,,19.65%,19.65%,,,,,,,,,,,,,,,,,,,,,,,
29/04/2021,0.00%,0.00%,15.61%,16.90%,17.35%,17.89%,18.69%,18.74%,19.23%,18.83%,19.45%,0.00%,19.62%,,19.65%,19.65%,,,,,,,,,,,,,,,,,,,,,,,
30/04/2021,0.00%,0.00%,15.61%,16.90%,17.41%,17.84%,18.77%,18.63%,19.23%,18.83%,19.51%,0.00%,19.70%,,19.65%,19.65%,,,,,,,,,,,,,,,,,,,,,,,
04/05/2021,0.00%,0.00%,15.59%,16.90%,17.37%,17.81%,18.77%,18.71%,19.19%,18.83%,19.42%,0.00%,19.72%,,19.65%,19.65%,,,,,,,,,,,,,,,,,,,,,,,
05/05/2021,0.00%,0.00%,15.70%,16.70%,17.33%,17.61%,18.67%,18.62%,19.36%,18.86%,19.50%,0.00%,19.72%,,19.65%,19.65%,,,,,,,,,,,,,,,,,,,,,,,
06/05/2021,0.00%,0.00%,15.64%,16.60%,17.38%,17.82%,18.72%,18.67%,19.31%,18.84%,19.49%,0.00%,19.70%,,19.65%,19.65%,,,,,,,,,,,,,,,,,,,,,,,
07/05/2021,0.00%,0.00%,15.64%,16.73%,17.36%,17.75%,18.72%,18.67%,19.29%,18.84%,19.44%,0.00%,19.73%,,19.65%,19.65%,,,,,,,,,,,,,,,,,,,,,,,
10/05/2021,0.00%,0.00%,15.64%,16.73%,17.34%,17.75%,18.72%,18.62%,19.22%,18.84%,19.41%,0.00%,19.75%,,19.65%,19.65%,,,,,,,,,,,,,,,,,,,,,,,
11/05/2021,0.00%,0.00%,15.71%,16.63%,17.37%,17.65%,18.70%,18.52%,19.27%,18.74%,19.50%,0.00%,19.75%,,19.65%,19.65%,,,,,,,,,,,,,,,,,,,,,,,
12/05/2021,0.00%,0.00%,15.68%,16.68%,17.36%,17.62%,18.71%,18.57%,19.20%,18.79%,19.50%,0.00%,19.76%,,19.65%,19.65%,,,,,,,,,,,,,,,,,,,,,,,
14/05/2021,0.00%,0.00%,15.68%,16.68%,17.36%,17.66%,18.71%,18.57%,19.23%,18.79%,19.45%,0.00%,19.62%,,19.65%,19.65%,,,,,,,,,,,,,,,,,,,,,,,
17/05/2021,0.00%,0.00%,15.58%,16.60%,17.26%,17.59%,18.61%,18.68%,19.23%,18.79%,19.43%,0.00%,19.57%,,19.65%,19.65%,,,,,,,,,,,,,,,,,,,,,,,
18/05/2021,0.00%,0.00%,15.66%,16.66%,17.34%,17.65%,18.65%,18.59%,19.23%,18.69%,19.51%,0.00%,19.60%,,19.65%,19.65%,,,,,,,,,,,,,,,,,,,,,,,
19/05/2021,0.00%,0.00%,15.62%,16.63%,17.36%,17.62%,18.63%,18.64%,19.23%,18.74%,19.41%,0.00%,19.50%,,19.65%,19.65%,,,,,,,,,,,,,,,,,,,,,,,
20/05/2021,0.00%,0.00%,15.62%,16.63%,17.32%,17.58%,18.63%,18.76%,19.20%,18.75%,19.39%,0.00%,19.45%,,19.65%,19.65%,,,,,,,,,,,,,,,,,,,,,,,
21/05/2021,0.00%,0.00%,15.62%,16.62%,17.52%,17.61%,18.63%,18.67%,19.22%,18.72%,19.39%,0.00%,19.59%,,19.65%,19.65%,,,,,,,,,,,,,,,,,,,,,,,
24/05/2021,0.00%,0.00%,18.08%,16.71%,17.29%,17.50%,19.45%,18.20%,18.95%,18.05%,18.77%,0.00%,19.59%,,19.67%,19.65%,,,,,,,,,,,,,,,,,,,,,,,
25/05/2021,0.00%,0.00%,16.30%,16.07%,17.80%,17.48%,18.81%,18.70%,18.78%,18.33%,19.38%,0.00%,19.45%,,21.22%,19.65%,,,,,,,,,,,,,,,,,,,,,,,
26/05/2021,0.00%,0.00%,15.19%,16.15%,17.45%,15.75%,18.33%,18.63%,19.00%,18.20%,19.42%,0.00%,18.59%,,19.64%,19.65%,,,,,,,,,,,,,,,,,,,,,,,
27/05/2021,0.00%,0.00%,16.47%,16.04%,16.59%,15.40%,19.51%,18.67%,19.09%,18.28%,19.32%,0.00%,19.66%,,21.05%,19.65%,,,,,,,,,,,,,,,,,,,,,,,
28/05/2021,0.00%,0.00%,15.75%,16.38%,17.40%,17.62%,18.59%,18.74%,18.95%,18.22%,19.21%,0.00%,19.32%,,19.65%,19.65%,,,,,,,,,,,,,,,,,,,,,,,
31/05/2021,0.00%,0.00%,15.93%,16.27%,17.31%,17.56%,18.43%,18.83%,18.75%,18.22%,19.16%,0.00%,19.41%,,20.25%,19.65%,,,,,,,,,,,,,,,,,,,,,,,
01/06/2021,0.00%,0.00%,15.93%,16.27%,17.31%,17.73%,18.25%,18.63%,18.68%,18.17%,19.21%,0.00%,19.19%,,20.25%,19.65%,,,,,,,,,,,,,,,,,,,,,,,
02/06/2021,0.00%,0.00%,21.03%,17.09%,17.17%,17.63%,18.99%,18.21%,18.86%,18.09%,19.79%,0.00%,19.22%,,20.25%,19.65%,,,,,,,,,,,,,,,,,,,,,,,
03/06/2021,0.00%,0.00%,16.90%,16.51%,16.17%,17.55%,18.71%,18.57%,18.75%,19.67%,19.24%,0.00%,19.26%,,20.25%,19.65%,,,,,,,,,,,,,,,,,,,,,,,
04/06/2021,0.00%,0.00%,20.61%,15.80%,17.09%,17.62%,18.92%,18.78%,18.63%,18.10%,19.13%,0.00%,19.16%,,18.71%,19.65%,,,,,,,,,,,,,,,,,,,,,,,
07/06/2021,0.00%,0.00%,15.93%,15.91%,17.02%,17.27%,18.28%,18.47%,18.72%,18.11%,19.45%,0.00%,19.16%,,17.92%,19.65%,,,,,,,,,,,,,,,,,,,,,,,
08/06/2021,0.00%,0.00%,15.55%,16.76%,17.30%,17.51%,18.15%,18.54%,18.65%,18.01%,18.47%,0.00%,19.33%,,19.16%,19.65%,,,,,,,,,,,,,,,,,,,,,,,
09/06/2021,0.00%,0.00%,14.41%,15.53%,17.25%,17.42%,18.09%,18.44%,18.55%,17.91%,18.87%,0.00%,19.15%,,19.15%,19.65%,,,,,,,,,,,,,,,,,,,,,,,
10/06/2021,0.00%,0.00%,13.97%,16.46%,16.89%,17.22%,18.04%,18.37%,18.55%,20.52%,18.83%,0.00%,19.09%,,19.00%,19.65%,,,,,,,,,,,,,,,,,,,,,,,
11/06/2021,0.00%,0.00%,13.10%,15.52%,16.92%,17.18%,17.73%,18.18%,18.24%,19.64%,18.78%,0.00%,18.97%,,17.59%,19.65%,,,,,,,,,,,,,,,,,,,,,,,
14/06/2021,0.00%,0.00%,16.73%,16.06%,16.96%,17.17%,17.89%,18.05%,18.19%,19.64%,18.56%,0.00%,19.14%,,18.94%,19.65%,,,,,,,,,,,,,,,,,,,,,,,
15/06/2021,0.00%,0.00%,6.82%,15.46%,16.96%,17.25%,17.41%,17.88%,18.16%,19.71%,18.68%,0.00%,20.91%,,18.30%,19.65%,,,,,,,,,,,,,,,,,,,,,,,
16/06/2021,0.00%,0.00%,10.88%,15.69%,16.38%,16.51%,17.95%,17.87%,17.99%,19.13%,18.54%,0.00%,19.29%,,18.30%,19.65%,,,,,,,,,,,,,,,,,,,,,,,
17/06/2021,0.00%,0.00%,16.68%,15.39%,16.78%,16.98%,17.49%,18.23%,18.03%,17.36%,18.48%,0.00%,19.21%,,18.30%,19.65%,,,,,,,,,,,,,,,,,,,,,,,
18/06/2021,0.00%,0.00%,15.37%,15.65%,16.77%,16.77%,17.70%,18.09%,18.12%,17.70%,18.44%,0.00%,19.18%,,18.33%,19.65%,,,,,,,,,,,,,,,,,,,,,,,
21/06/2021,0.00%,0.00%,14.31%,15.58%,16.64%,16.75%,17.72%,18.18%,18.21%,17.53%,18.46%,0.00%,19.10%,,18.33%,19.65%,,,,,,,,,,,,,,,,,,,,,,,
22/06/2021,0.00%,0.00%,15.45%,15.58%,16.64%,16.73%,17.69%,18.03%,18.13%,17.53%,18.58%,0.00%,19.19%,,18.33%,19.65%,,,,,,,,,,,,,,,,,,,,,,,
23/06/2021,0.00%,0.00%,15.35%,15.58%,16.68%,16.75%,17.70%,18.14%,18.15%,17.59%,18.36%,0.00%,19.04%,,18.35%,19.65%,,,,,,,,,,,,,,,,,,,,,,,
24/06/2021,0.00%,0.00%,14.93%,15.58%,16.56%,16.75%,17.86%,18.36%,18.16%,17.81%,18.55%,0.00%,19.11%,,18.34%,19.65%,,,,,,,,,,,,,,,,,,,,,,,
25/06/2021,0.00%,0.00%,15.01%,15.84%,16.65%,16.75%,17.74%,18.30%,18.16%,17.61%,18.30%,0.00%,19.31%,,18.34%,19.65%,,,,,,,,,,,,,,,,,,,,,,,
28/06/2021,0.00%,0.00%,15.01%,15.63%,16.63%,16.75%,17.75%,18.28%,18.16%,17.61%,18.17%,0.00%,19.19%,,18.34%,19.65%,,,,,,,,,,,,,,,,,,,,,,,
29/06/2021,0.00%,0.00%,15.15%,15.63%,16.63%,16.74%,17.75%,18.22%,18.33%,17.92%,18.39%,0.00%,19.06%,,18.34%,19.65%,,,,,,,,,,,,,,,,,,,,,,,
30/06/2021,0.00%,0.00%,15.09%,15.65%,16.58%,16.82%,17.79%,18.22%,18.39%,17.68%,18.39%,0.00%,19.27%,,18.34%,19.65%,,,,,,,,,,,,,,,,,,,,,,,
01/07/2021,0.00%,0.00%,15.04%,15.53%,16.61%,17.06%,17.92%,18.08%,18.46%,17.73%,18.36%,0.00%,19.19%,,18.34%,19.65%,,,,,,,,,,,,,,,,,,,,,,,
02/07/2021,0.00%,0.00%,15.07%,15.88%,16.61%,16.84%,17.80%,18.23%,18.34%,17.98%,18.33%,0.00%,19.34%,,18.60%,19.65%,,,,,,,,,,,,,,,,,,,,,,,
05/07/2021,0.00%,0.00%,15.07%,15.66%,16.61%,16.84%,17.80%,18.18%,18.13%,17.78%,18.33%,0.00%,19.21%,,18.39%,19.65%,,,,,,,,,,,,,,,,,,,,,,,
06/07/2021,0.00%,0.00%,15.07%,15.66%,16.61%,16.84%,17.70%,18.21%,18.34%,17.78%,18.52%,0.00%,19.21%,,18.39%,19.65%,,,,,,,,,,,,,,,,,,,,,,,
07/07/2021,0.00%,0.00%,15.07%,15.68%,16.61%,16.89%,17.80%,18.43%,18.49%,17.82%,18.41%,0.00%,19.24%,,18.43%,19.65%,,,,,,,,,,,,,,,,,,,,,,,
08/07/2021,0.00%,0.00%,15.07%,15.72%,16.61%,16.93%,17.78%,18.26%,18.32%,18.00%,18.40%,0.00%,19.25%,,18.45%,19.65%,,,,,,,,,,,,,,,,,,,,,,,
09/07/2021,0.00%,0.00%,15.07%,15.72%,16.61%,16.87%,17.78%,18.26%,18.48%,17.94%,19.25%,0.00%,19.44%,,18.45%,19.65%,,,,,,,,,,,,,,,,,,,,,,,
12/07/2021,0.00%,0.00%,15.07%,15.69%,16.61%,16.87%,17.77%,18.27%,18.35%,17.86%,19.08%,0.00%,19.27%,,18.42%,19.65%,,,,,,,,,,,,,,,,,,,,,,,
13/07/2021,0.00%,0.00%,15.07%,15.70%,16.61%,16.88%,17.76%,18.28%,18.40%,17.88%,18.73%,0.00%,19.51%,,18.43%,19.65%,,,,,,,,,,,,,,,,,,,,,,,
14/07/2021,0.00%,0.00%,15.07%,15.70%,16.61%,16.88%,17.76%,18.28%,18.40%,17.66%,19.05%,0.00%,19.40%,,18.43%,19.65%,,,,,,,,,,,,,,,,,,,,,,,
15/07/2021,0.00%,0.00%,15.07%,15.71%,16.61%,16.89%,17.77%,18.65%,18.39%,17.79%,18.90%,0.00%,19.37%,,18.44%,19.65%,,,,,,,,,,,,,,,,,,,,,,,
16/07/2021,0.00%,0.00%,15.07%,15.70%,16.61%,16.88%,17.77%,18.35%,18.40%,17.78%,19.00%,0.00%,19.23%,,18.44%,19.65%,,,,,,,,,,,,,,,,,,,,,,,
19/07/2021,0.00%,0.00%,15.07%,15.70%,16.61%,16.88%,17.77%,18.37%,18.39%,17.79%,18.95%,0.00%,19.36%,,18.55%,19.65%,,,,,,,,,,,,,,,,,,,,,,,
19/07/2021,0.00%,0.00%,16.19%,16.72%,16.88%,17.60%,18.40%,18.82%,18.93%,17.85%,19.27%,0.00%,19.70%,0.00%,19.14%,19.74%,,,,,,,,,,,,,,,,,,,,,,,
21/07/2021,0.00%,0.00%,15.91%,16.61%,16.88%,17.68%,18.29%,18.48%,18.93%,17.85%,18.77%,0.00%,19.42%,0.00%,19.14%,19.33%,,,,,,,,,,,,,,,,,,,,,,,
22/07/2021,0.00%,0.00%,16.01%,16.53%,16.98%,17.54%,18.63%,18.60%,18.93%,17.95%,18.52%,0.00%,19.42%,0.00%,18.50%,19.69%,,,,,,,,,,,,,,,,,,,,,,,
23/07/2021,0.00%,0.00%,15.96%,16.57%,16.93%,17.53%,18.72%,18.55%,18.93%,17.84%,18.31%,19.60%,19.53%,0.00%,19.36%,19.34%,,,,,,,,,,,,,,,,,,,,,,,
26/07/2021,0.00%,0.00%,15.96%,16.57%,16.93%,17.58%,18.55%,18.62%,18.93%,17.88%,18.31%,19.62%,19.70%,0.00%,18.75%,19.47%,,,,,,,,,,,,,,,,,,,,,,,
27/07/2021,0.00%,0.00%,15.96%,16.57%,16.93%,17.58%,18.55%,18.63%,18.90%,17.88%,18.72%,19.61%,19.67%,0.00%,18.50%,19.44%,,,,,,,,,,,,,,,,,,,,,,,
28/07/2021,0.00%,0.00%,15.30%,16.09%,17.03%,17.55%,18.34%,18.62%,18.92%,17.96%,18.52%,19.45%,19.55%,0.00%,18.62%,19.78%,,,,,,,,,,,,,,,,,,,,,,,
29/07/2021,0.00%,0.00%,15.74%,16.08%,17.07%,17.34%,18.48%,18.71%,18.91%,17.91%,18.52%,19.50%,19.61%,0.00%,18.98%,19.56%,,,,,,,,,,,,,,,,,,,,,,,
30/07/2021,0.00%,0.00%,15.74%,16.33%,16.99%,17.41%,18.23%,18.61%,18.91%,17.91%,18.52%,19.41%,19.56%,0.00%,18.71%,19.90%,,,,,,,,,,,,,,,,,,,,,,,
02/08/2021,0.00%,0.00%,15.74%,16.33%,16.99%,17.49%,18.43%,18.67%,18.91%,17.91%,18.63%,19.66%,19.68%,0.00%,18.71%,19.90%,,,,,,,,,,,,,,,,,,,,,,,
03/08/2021,0.00%,0.00%,15.74%,16.33%,16.99%,17.49%,18.43%,18.70%,18.91%,17.91%,18.52%,19.52%,19.62%,0.00%,18.71%,19.63%,,,,,,,,,,,,,,,,,,,,,,,
05/08/2021,0.00%,0.00%,15.74%,16.33%,16.99%,17.49%,18.43%,18.65%,18.91%,17.91%,18.53%,19.54%,19.56%,0.00%,18.71%,19.57%,,,,,,,,,,,,,,,,,,,,,,,
06/08/2021,0.00%,0.00%,15.65%,16.23%,17.01%,17.46%,18.38%,18.66%,18.91%,17.92%,18.54%,19.51%,19.60%,0.00%,18.71%,19.57%,,,,,,,,,,,,,,,,,,,,,,,
09/08/2021,0.00%,0.00%,15.66%,16.24%,17.01%,17.46%,18.39%,18.66%,18.91%,17.91%,18.54%,19.51%,19.60%,0.00%,18.74%,19.70%,,,,,,,,,,,,,,,,,,,,,,,
10/08/2021,0.00%,0.00%,15.71%,16.29%,17.00%,17.48%,18.41%,18.67%,18.91%,17.91%,18.55%,19.55%,19.61%,0.00%,18.72%,19.67%,,,,,,,,,,,,,,,,,,,,,,,
11/08/2021,0.00%,0.00%,15.70%,16.28%,17.00%,17.48%,18.41%,18.67%,18.91%,17.91%,18.54%,19.52%,19.60%,0.00%,18.72%,19.63%,,,,,,,,,,,,,,,,,,,,,,,
12/08/2021,0.00%,0.00%,15.69%,16.27%,17.00%,17.47%,18.40%,18.66%,18.91%,17.91%,18.54%,19.53%,19.59%,0.00%,18.72%,19.63%,,,,,,,,,,,,,,,,,,,,,,,
13/08/2021,0.00%,0.00%,15.69%,16.27%,17.00%,17.47%,18.40%,18.66%,18.91%,17.91%,18.54%,19.53%,19.62%,0.00%,18.72%,19.63%,,,,,,,,,,,,,,,,,,,,,,,
16/08/2021,0.00%,0.00%,15.69%,16.27%,17.00%,17.47%,18.40%,18.66%,18.91%,17.91%,18.54%,19.53%,19.60%,0.00%,18.72%,19.65%,,,,,,,,,,,,,,,,,,,,,,,
17/08/2021,0.00%,0.00%,15.69%,16.28%,17.00%,17.47%,18.40%,18.66%,18.91%,17.91%,18.54%,19.53%,19.60%,0.00%,18.72%,19.63%,,,,,,,,,,,,,,,,,,,,,,,
18/08/2021,0.00%,0.00%,15.69%,16.27%,17.00%,17.47%,18.40%,18.66%,18.91%,17.91%,18.54%,19.53%,19.60%,0.00%,18.72%,19.65%,,,,,,,,,,,,,,,,,,,,,,,
19/08/2021,0.00%,0.00%,15.69%,16.27%,17.00%,17.47%,18.40%,18.66%,18.91%,17.91%,18.54%,19.53%,19.61%,0.00%,18.72%,19.64%,,,,,,,,,,,,,,,,,,,,,,,
20/08/2021,0.00%,0.00%,15.69%,16.28%,17.00%,17.47%,18.40%,18.66%,18.91%,17.91%,18.54%,19.53%,19.60%,0.00%,18.72%,19.64%,,,,,,,,,,,,,,,,,,,,,,,
23/08/2021,0.00%,0.00%,15.69%,16.28%,17.00%,17.47%,18.40%,18.66%,18.91%,17.91%,18.54%,19.53%,19.60%,0.00%,18.72%,19.64%,,,,,,,,,,,,,,,,,,,,,,,
24/08/2021,0.00%,0.00%,15.69%,16.27%,17.00%,17.47%,18.40%,18.66%,18.91%,17.91%,18.54%,19.53%,19.60%,0.00%,18.72%,19.64%,,,,,,,,,,,,,,,,,,,,,,,
25/08/2021,0.00%,0.00%,15.69%,16.28%,17.00%,17.47%,18.40%,18.66%,18.91%,17.91%,18.54%,19.53%,19.60%,0.00%,18.72%,19.64%,,,,,,,,,,,,,,,,,,,,,,,
26/08/2021,0.00%,0.00%,15.69%,16.27%,17.00%,17.47%,18.40%,18.66%,18.91%,17.91%,18.54%,19.53%,19.60%,0.00%,18.72%,19.64%,,,,,,,,,,,,,,,,,,,,,,,
27/08/2021,0.00%,0.00%,15.69%,16.28%,17.00%,17.47%,18.40%,18.66%,18.91%,17.91%,18.54%,19.53%,19.60%,0.00%,18.72%,19.64%,,,,,,,,,,,,,,,,,,,,,,,
30/08/2021,0.00%,0.00%,15.69%,16.27%,17.00%,17.47%,18.40%,18.66%,18.91%,17.91%,18.54%,19.53%,19.60%,0.00%,18.72%,19.64%,,,,,,,,,,,,,,,,,,,,,,,
31/08/2021,0.00%,0.00%,15.69%,16.27%,17.00%,17.47%,18.40%,18.66%,18.91%,17.91%,18.54%,19.53%,19.60%,0.00%,18.72%,19.64%,,,,,,,,,,,,,,,,,,,,,,,
01/09/2021,0.00%,0.00%,15.69%,16.27%,17.00%,17.47%,18.40%,18.66%,18.91%,17.91%,18.54%,19.53%,19.60%,0.00%,18.72%,19.64%,,,,,,,,,,,,,,,,,,,,,,,
02/09/2021,0.00%,0.00%,15.69%,16.27%,17.00%,17.47%,18.40%,18.66%,18.91%,17.91%,18.54%,19.53%,19.60%,0.00%,18.72%,19.64%,,,,,,,,,,,,,,,,,,,,,,,
03/09/2021,0.00%,0.00%,15.69%,16.28%,17.00%,17.47%,18.40%,18.66%,18.55%,17.91%,18.54%,19.53%,19.60%,0.00%,18.72%,19.64%,,,,,,,,,,,,,,,,,,,,,,,
06/09/2021,0.00%,0.00%,15.69%,16.27%,17.00%,17.47%,18.40%,18.66%,18.86%,17.91%,18.54%,19.53%,19.60%,0.00%,18.72%,19.64%,,,,,,,,,,,,,,,,,,,,,,,
07/09/2021,0.00%,0.00%,15.69%,16.27%,17.00%,17.47%,18.40%,18.66%,18.86%,17.91%,18.54%,19.53%,19.60%,0.00%,18.72%,19.64%,,,,,,,,,,,,,,,,,,,,,,,
08/09/2021,0.00%,0.00%,15.69%,16.27%,17.00%,17.47%,18.40%,18.66%,18.86%,17.91%,18.54%,19.53%,19.60%,0.00%,18.72%,19.64%,,,,,,,,,,,,,,,,,,,,,,,
09/09/2021,0.00%,0.00%,15.69%,16.27%,17.00%,17.47%,18.40%,18.66%,18.86%,17.91%,18.54%,19.53%,19.60%,0.00%,18.72%,19.64%,,,,,,,,,,,,,,,,,,,,,,,
10/09/2021,0.00%,0.00%,15.69%,16.27%,17.00%,17.47%,18.40%,18.66%,18.86%,17.91%,18.54%,19.53%,19.60%,0.00%,18.72%,19.64%,,,,,,,,,,,,,,,,,,,,,,,